customer_id,customer_name,segment,region,city,signup_date
CUST00001,Patrick Sanchez,Corporate,North,Lake Curtis,2024-05-11
CUST00002,Angie Henderson,Corporate,South,North Jefferyhaven,2024-07-29
CUST00003,Cristian Santos,Consumer,North,Robinsonshire,2024-04-12
CUST00004,Abigail Shaffer,Corporate,Central,Petersonberg,2023-08-05
CUST00005,Gabrielle Davis,Consumer,West,West Melanieview,2023-06-17
CUST00006,Joe Martinez,Consumer,North,Millerport,2024-09-18
CUST00007,Stacey Ward,Consumer,Central,Lake Chad,2024-10-06
CUST00008,Dylan Miller,Corporate,Central,Port Craig,2024-05-28
CUST00009,Roy Martin,Consumer,Central,Jasonview,2023-08-04
CUST00010,Maria Lynch,Consumer,West,New Jessica,2024-06-29
CUST00011,Devin Schaefer,Consumer,North,Lake Mark,2023-05-07
CUST00012,Crystal Johnson,Corporate,South,Richardland,2024-08-19
CUST00013,Latoya Robbins,Corporate,East,Lake Victor,2023-06-13
CUST00014,Judy Baker,Consumer,South,Lake Anna,2024-11-18
CUST00015,Jessica Silva,Home Office,East,Jeffreyberg,2023-07-24
CUST00016,Peter Callahan Jr.,Consumer,West,Port Erin,2024-01-31
CUST00017,James Ferrell,Consumer,East,Tashatown,2024-04-08
CUST00018,Melanie Herrera,Corporate,North,Kaylamouth,2024-06-12
CUST00019,Christopher Smith,Corporate,Central,Teresaburgh,2023-03-28
CUST00020,Sheila Evans,Consumer,West,East Nathaniel,2024-01-30
CUST00021,Paula Moreno,Consumer,East,New Mariotown,2023-05-06
CUST00022,Sherry Decker,Corporate,Central,Johnbury,2023-03-28
CUST00023,Angela Dennis,Corporate,East,Port Amandaberg,2024-11-12
CUST00024,Theresa Martin,Consumer,North,Brandtside,2023-04-10
CUST00025,Christina Collins,Consumer,South,Samuelhaven,2024-08-09
CUST00026,Danny Morgan,Corporate,North,New Jeffrey,2023-12-17
CUST00027,Amy Jones,Corporate,North,Port Markhaven,2023-02-25
CUST00028,John Ryan,Consumer,West,Sanchezfort,2023-07-04
CUST00029,Brandon Hopkins,Corporate,East,Rodneymouth,2024-09-19
CUST00030,Megan Joyce,Consumer,East,North Richardmouth,2024-11-01
CUST00031,Danielle Lee,Consumer,East,Taylorburgh,2024-09-13
CUST00032,Shannon Jones,Corporate,North,North Deniseside,2023-08-05
CUST00033,Brandon Molina,Corporate,South,East Richard,2024-10-11
CUST00034,James Brown,Consumer,South,Smithfurt,2024-01-09
CUST00035,Rachel Mitchell,Consumer,West,Mooreport,2023-07-25
CUST00036,Lauren Daniels,Consumer,Central,Brianshire,2023-06-19
CUST00037,Sarah Moore,Consumer,East,Port Jacobland,2024-01-06
CUST00038,Jennifer David,Corporate,North,New Brooke,2024-06-08
CUST00039,Matthew Cunningham,Consumer,North,Sarahborough,2024-04-26
CUST00040,Cynthia Foster,Corporate,West,Stephenland,2024-06-04
CUST00041,Zachary Ferrell,Consumer,South,New Jasonview,2023-01-08
CUST00042,Shirley Suarez,Home Office,Central,Justinmouth,2023-04-13
CUST00043,Elizabeth Riggs,Corporate,East,Lake Lisaport,2024-10-09
CUST00044,Teresa Taylor,Consumer,West,North Juliaberg,2024-12-24
CUST00045,Daniel Cooper,Consumer,West,Williamview,2023-07-31
CUST00046,Amber Walters,Consumer,South,Bradleymouth,2024-12-04
CUST00047,William Martin,Consumer,Central,Arnoldchester,2024-08-21
CUST00048,Benjamin Ware,Consumer,Central,New Barry,2024-03-11
CUST00049,Brittany Anderson,Consumer,Central,Michaelton,2023-10-14
CUST00050,Michael Estrada,Consumer,South,Kimberlychester,2024-11-29
CUST00051,Tammy Young,Home Office,South,Port Lisa,2024-04-27
CUST00052,Christopher Middleton,Consumer,North,Phambury,2024-11-15
CUST00053,Michael Reyes,Corporate,North,Port Thomasborough,2023-07-27
CUST00054,Hannah Hoover,Consumer,South,East Andrew,2024-09-26
CUST00055,Donald Jones,Corporate,West,Michaelhaven,2023-05-31
CUST00056,Sarah Rivera,Consumer,West,North Natalieview,2023-11-07
CUST00057,Victoria Johnson,Consumer,West,Reedmouth,2023-05-19
CUST00058,Kayla Cruz,Consumer,Central,West Bradley,2023-12-05
CUST00059,Timothy Ryan,Corporate,North,West Ryan,2023-12-05
CUST00060,Lisa Alvarado,Corporate,North,Lake Rachelhaven,2024-05-30
CUST00061,Erika Terry,Corporate,Central,East Robert,2023-08-29
CUST00062,Stephanie Gilbert,Corporate,East,Richardtown,2023-10-22
CUST00063,Jeffrey Carpenter,Consumer,West,Stevenmouth,2023-08-25
CUST00064,John Santana,Consumer,North,Lake Christopher,2024-06-08
CUST00065,Lisa Davis,Home Office,East,Lake Lance,2024-02-05
CUST00066,Alexander Sanchez,Home Office,South,Carrland,2024-09-18
CUST00067,Mark Lee,Consumer,North,Snyderbury,2023-12-20
CUST00068,Abigail Potter,Corporate,East,Port Ronaldburgh,2023-04-25
CUST00069,Kelly Williams,Corporate,Central,Port David,2024-09-16
CUST00070,Mary Travis,Corporate,South,Stephaniemouth,2023-04-14
CUST00071,Stephanie Simmons,Consumer,South,Merrittfort,2024-04-20
CUST00072,David Walsh,Consumer,Central,Simsview,2023-12-16
CUST00073,Dustin Nelson,Home Office,Central,Patricialand,2023-12-08
CUST00074,James Hernandez,Consumer,North,North Robert,2023-04-18
CUST00075,Jennifer Clark,Consumer,East,Priceshire,2023-09-15
CUST00076,Spencer Johnston,Corporate,East,Smithstad,2024-06-24
CUST00077,Sarah Ashley,Consumer,South,Medinaside,2023-08-20
CUST00078,Connie Robinson,Corporate,North,Tuckerfurt,2024-09-13
CUST00079,Rebecca Ramsey,Consumer,West,Calhounside,2023-09-19
CUST00080,Leslie Alvarado,Corporate,Central,Lake Roymouth,2023-01-21
CUST00081,James Lewis,Corporate,South,Matthewfurt,2023-05-22
CUST00082,Sandra King,Corporate,Central,South Andrewside,2023-08-05
CUST00083,Mrs. Marie Harrington DDS,Consumer,Central,East Jamestown,2023-02-10
CUST00084,Cameron Caldwell,Corporate,West,South Holly,2024-04-27
CUST00085,Larry Stuart,Home Office,Central,Port Loriport,2024-08-18
CUST00086,Tanya Johnston,Corporate,South,Sandersborough,2023-03-25
CUST00087,Sandra Sanchez,Corporate,West,Melissaville,2023-03-01
CUST00088,Dr. Hannah Patterson,Home Office,East,Caseymouth,2024-09-10
CUST00089,Samantha Garcia,Consumer,Central,Cynthiamouth,2023-01-10
CUST00090,Christopher Boyd,Consumer,South,Christinaside,2024-07-03
CUST00091,Mr. Nicholas Adams,Consumer,East,Port Sarah,2024-08-24
CUST00092,Dana Marshall,Consumer,Central,Rogersfort,2023-08-05
CUST00093,John Kelly,Consumer,South,Matthewview,2024-10-22
CUST00094,Travis Miller,Consumer,North,Freemanbury,2024-03-07
CUST00095,Michael West,Consumer,North,North Kellyfurt,2024-06-20
CUST00096,Matthew Wood,Corporate,North,Ronaldside,2024-06-21
CUST00097,Jesse Parker,Consumer,East,North Jennifer,2023-09-14
CUST00098,Joshua Gill,Corporate,South,East Javier,2023-09-03
CUST00099,Kevin Wolf,Consumer,Central,Tinaborough,2024-01-12
CUST00100,Christopher Smith,Consumer,South,West Brandon,2023-08-19
CUST00101,Melissa Martinez,Corporate,West,Garciatown,2023-02-12
CUST00102,John Peterson,Consumer,North,West Shelleyfort,2024-03-21
CUST00103,Jennifer Jones,Corporate,East,East Edwardshire,2023-03-30
CUST00104,David Grant,Consumer,West,Obrienbury,2023-08-24
CUST00105,Joanna Ramos,Corporate,North,Torreston,2024-08-25
CUST00106,Annette Farmer,Corporate,North,West Donna,2024-04-18
CUST00107,Juan Moore,Consumer,East,Hayesfort,2023-05-02
CUST00108,Dwayne Campbell,Corporate,North,Jonesbury,2023-08-15
CUST00109,Rick Lawrence,Consumer,South,South Danny,2024-12-18
CUST00110,Susan Serrano,Consumer,South,North Gabrielport,2023-06-24
CUST00111,Laura Roberts,Consumer,East,South Haleyfurt,2024-04-07
CUST00112,Katherine Miller,Consumer,North,South Jessicaview,2023-07-31
CUST00113,Vernon Huff,Consumer,Central,Port Emilyview,2023-01-21
CUST00114,Peter Ruiz,Consumer,Central,Moonburgh,2024-03-23
CUST00115,Robert Costa,Corporate,North,Baileymouth,2024-03-30
CUST00116,Shannon Rivera,Home Office,South,Robertsfurt,2023-09-07
CUST00117,Amanda Miller,Consumer,West,Marcusfurt,2024-09-23
CUST00118,Virginia Sandoval,Consumer,West,Gutierrezborough,2024-11-02
CUST00119,Peter Garrett,Home Office,South,East Josephberg,2024-02-07
CUST00120,Stanley Washington,Consumer,West,Lake Chelseabury,2024-12-21
CUST00121,Juan Tran,Consumer,West,East Victoriaville,2024-07-05
CUST00122,Maria Moore,Consumer,Central,Williamview,2023-12-25
CUST00123,Veronica Sanchez,Corporate,West,South James,2023-11-19
CUST00124,Sherry Shields,Consumer,East,Kendrachester,2024-04-10
CUST00125,Katie Hoover,Consumer,North,Jessicashire,2023-09-21
CUST00126,Mrs. Brittany Ryan MD,Consumer,Central,Gibsonmouth,2024-03-26
CUST00127,Michael Armstrong,Consumer,East,Port Kimberly,2024-11-06
CUST00128,John Mcintyre,Consumer,Central,Hughesberg,2023-02-03
CUST00129,Beth Sanford,Consumer,Central,Mollymouth,2024-01-20
CUST00130,Joyce Bowen,Consumer,Central,Pittsberg,2023-03-19
CUST00131,Wayne Morgan,Consumer,South,Santosmouth,2023-02-28
CUST00132,Kimberly Finley,Consumer,North,Brennanton,2024-10-24
CUST00133,Mark Mccall,Corporate,South,Lake Christopher,2024-04-24
CUST00134,Michele Garcia,Consumer,Central,Lake Kevin,2023-03-18
CUST00135,Robert Carter,Consumer,Central,Ryanbury,2023-01-23
CUST00136,Michael White,Consumer,North,North Chelsea,2024-02-17
CUST00137,Cynthia Durham,Consumer,Central,East Steven,2023-10-25
CUST00138,Michael Nolan,Consumer,East,Santanaside,2023-07-17
CUST00139,Tony Huerta,Home Office,South,Daniellechester,2023-05-03
CUST00140,Ryan Gonzalez,Corporate,East,Castanedaville,2024-06-20
CUST00141,Ian Phillips,Consumer,West,Andrewfurt,2023-07-04
CUST00142,Sean Osborne,Consumer,East,New Julieport,2023-08-02
CUST00143,Lisa Gomez,Consumer,North,New John,2024-08-25
CUST00144,Mary Massey,Consumer,Central,Lake Debbieport,2024-08-09
CUST00145,Kevin Oconnor,Home Office,North,West Markchester,2024-09-04
CUST00146,Richard Walter,Consumer,South,Alyssaview,2023-05-17
CUST00147,Thomas Raymond,Consumer,South,Juliemouth,2024-10-07
CUST00148,Victor Taylor,Home Office,North,Port Erica,2024-09-16
CUST00149,Tracy Ballard,Corporate,East,Christopherfurt,2024-06-07
CUST00150,Caleb Richardson,Consumer,West,Brendastad,2023-01-11
CUST00151,Kaitlyn Harvey,Corporate,East,Rosebury,2023-03-26
CUST00152,Rodney Blankenship,Corporate,Central,Debraville,2024-05-18
CUST00153,Andrew Ferrell,Consumer,Central,North Jimmyside,2023-04-19
CUST00154,Jacob Avery,Consumer,North,Matthewsberg,2023-04-16
CUST00155,Brett Burns,Home Office,South,Crosbyview,2024-11-18
CUST00156,Claudia Wallace,Consumer,North,Port Michael,2023-01-26
CUST00157,Steven Newman,Corporate,South,South Joshuaville,2024-06-16
CUST00158,Anna Lewis,Consumer,Central,North Kristinbury,2024-10-20
CUST00159,Christine Gallegos,Consumer,East,New Jason,2023-04-08
CUST00160,Raymond Kramer,Consumer,East,West Micheleberg,2024-11-06
CUST00161,Rebecca Rodriguez,Consumer,East,East Alexisbury,2023-04-11
CUST00162,Christopher Williams,Home Office,North,Foxland,2024-04-02
CUST00163,Ivan Wheeler,Consumer,West,Gordonton,2024-01-05
CUST00164,Sharon Boyd,Corporate,North,Schneidertown,2024-07-18
CUST00165,Dr. Jessica Rodriguez DDS,Consumer,South,Jonesland,2023-02-17
CUST00166,Ana Hill,Corporate,East,Oscarhaven,2023-09-08
CUST00167,Larry Garcia,Consumer,West,Port Dianaside,2023-08-18
CUST00168,Jessica Beasley,Consumer,West,Morganmouth,2024-07-13
CUST00169,Brandon Simmons,Consumer,North,Nicholasberg,2023-11-06
CUST00170,Andrea Decker,Consumer,South,South Colinstad,2024-06-17
CUST00171,Anthony Frye,Consumer,East,Elizabethchester,2024-09-22
CUST00172,Teresa Henderson,Consumer,South,West Carolinestad,2023-10-02
CUST00173,Christy Douglas,Consumer,North,Port Daniel,2023-03-22
CUST00174,Ashley Ramirez,Consumer,North,Port Roy,2024-10-18
CUST00175,Sabrina Austin,Corporate,South,New Sarahview,2024-03-11
CUST00176,Michael Parker,Corporate,North,Michaelburgh,2023-01-23
CUST00177,Matthew Jones,Consumer,Central,North Julieborough,2024-11-06
CUST00178,Glen Wood,Corporate,West,Kimberlyshire,2023-10-20
CUST00179,Anthony Moore,Home Office,South,Lake Christophermouth,2024-04-08
CUST00180,Lawrence Perry,Home Office,South,Port William,2024-05-29
CUST00181,Douglas Gregory,Corporate,South,Roseport,2023-09-26
CUST00182,William Brown,Corporate,North,West Sierra,2023-02-05
CUST00183,David Murphy,Consumer,East,South Julieburgh,2024-08-19
CUST00184,Michael Mason,Corporate,West,Charleston,2023-04-11
CUST00185,Thomas Atkins,Corporate,South,Berrychester,2023-12-05
CUST00186,Alex Nguyen,Consumer,North,Collierstad,2023-08-13
CUST00187,Brian Graham,Consumer,North,Warrenfurt,2023-03-10
CUST00188,Gerald Cook,Corporate,South,North William,2024-11-07
CUST00189,Cheyenne Parsons,Consumer,West,Jessicaberg,2023-03-30
CUST00190,David Thompson,Consumer,South,Port Katherine,2023-07-03
CUST00191,Raymond Snyder,Consumer,South,Maldonadoshire,2023-02-28
CUST00192,Lori Lin,Consumer,East,Edwardland,2024-05-14
CUST00193,Eric Hill,Corporate,East,West Williamport,2023-12-31
CUST00194,Anthony Decker,Consumer,Central,Lake Michelleland,2023-12-25
CUST00195,Janice Carpenter,Consumer,Central,South Reginashire,2024-04-22
CUST00196,Larry Mason,Consumer,North,South Dalemouth,2024-05-21
CUST00197,Matthew Williams,Consumer,East,Ritterhaven,2024-07-08
CUST00198,Helen Hardin,Consumer,East,Ortizmouth,2024-02-11
CUST00199,Rachel Holland,Consumer,Central,West Codyfurt,2024-06-11
CUST00200,Samuel Brandt,Consumer,East,West Christopher,2023-08-09
CUST00201,Gregory Ponce,Consumer,Central,Andersonland,2024-05-30
CUST00202,Maria Murphy,Consumer,Central,Lake Jacqueline,2023-08-29
CUST00203,Susan Davis DDS,Consumer,North,Andrewport,2024-07-27
CUST00204,Gloria Miranda,Corporate,North,East Zoe,2023-05-21
CUST00205,Ryan Garcia,Consumer,Central,Lake Matthewberg,2023-05-01
CUST00206,Christopher Guerra,Corporate,South,Lake Samuel,2024-04-08
CUST00207,Nathan Montes,Consumer,North,Karenmouth,2023-11-16
CUST00208,Emily Stokes,Home Office,East,Mckeeborough,2023-07-01
CUST00209,Laura Alexander,Corporate,North,Kimberlyhaven,2023-10-13
CUST00210,Christopher Gonzalez,Corporate,East,Port John,2024-02-14
CUST00211,Mr. Timothy Dawson,Consumer,West,West Christopherburgh,2024-05-13
CUST00212,Jose Guerra,Consumer,East,East Lisastad,2023-07-31
CUST00213,Anthony Shaw,Consumer,South,South Virginia,2024-12-23
CUST00214,Fernando Garcia,Consumer,West,Laceyberg,2023-10-19
CUST00215,Ronald Horton,Corporate,South,Port Janice,2023-01-30
CUST00216,Susan Smith,Corporate,East,Port Edward,2023-12-15
CUST00217,Jenny Parsons,Consumer,North,West David,2024-07-18
CUST00218,Riley Bryant,Consumer,South,Port Rebeccaside,2023-07-05
CUST00219,Laura Higgins,Consumer,Central,Rubenstad,2023-01-13
CUST00220,Chelsea Barnett,Corporate,East,Carloshaven,2023-07-06
CUST00221,Virginia Spencer,Consumer,West,Markston,2024-02-27
CUST00222,James Burgess,Corporate,Central,Kristinastad,2024-05-08
CUST00223,Lori Ingram,Consumer,South,Dennisstad,2023-07-07
CUST00224,Marvin Greer,Corporate,East,Pollardfort,2024-02-29
CUST00225,Chad Baldwin,Consumer,Central,Johnsonborough,2024-05-05
CUST00226,Stacey Stewart,Consumer,South,Zacharyside,2023-02-04
CUST00227,Paul Lee,Corporate,South,Michelleton,2024-01-03
CUST00228,Denise Lloyd,Corporate,South,Prestonmouth,2024-11-03
CUST00229,Gina Lopez,Consumer,South,Richardsonhaven,2024-11-25
CUST00230,Monica Miller,Home Office,Central,New Kelly,2023-07-27
CUST00231,Matthew Parker,Corporate,North,Jacksonmouth,2023-03-21
CUST00232,Nicholas Buck,Consumer,Central,Hillton,2023-10-01
CUST00233,Jennifer Palmer,Consumer,West,North Douglas,2023-02-28
CUST00234,Jessica Martinez,Consumer,South,Port Deanna,2024-04-16
CUST00235,Keith Jacobs,Consumer,North,Rushstad,2023-10-09
CUST00236,Laura Moreno,Corporate,North,Edwardsview,2023-12-11
CUST00237,Allison Lopez,Corporate,South,Mcintyreville,2023-07-13
CUST00238,Michele Lewis,Consumer,Central,Heatherfort,2023-07-23
CUST00239,Samuel Hayes,Consumer,Central,Osbornmouth,2023-06-05
CUST00240,Austin Daniels,Consumer,North,Melissaburgh,2024-06-02
CUST00241,Danny Galloway,Consumer,West,East Kristy,2024-09-08
CUST00242,Kenneth Mcdonald,Corporate,Central,New Nicole,2023-01-21
CUST00243,Zachary Higgins,Consumer,West,Hammondshire,2023-02-21
CUST00244,Evan Jones,Corporate,Central,Frazierstad,2023-02-27
CUST00245,Penny Bowman,Consumer,Central,Port Tammy,2023-04-10
CUST00246,Sheena Guerra,Consumer,South,West Fred,2023-12-03
CUST00247,Courtney Meza,Corporate,West,Meghanview,2023-09-08
CUST00248,Krista Martinez,Consumer,South,Christinaland,2023-06-02
CUST00249,Leslie Carpenter,Corporate,East,Lake Claudia,2024-01-26
CUST00250,Sarah Elliott,Corporate,Central,North Brandonshire,2024-12-01
CUST00251,Pamela Butler,Consumer,South,South Pamelaside,2023-07-25
CUST00252,Elizabeth Sanchez,Consumer,North,Evansland,2023-08-13
CUST00253,Jeffrey Washington,Corporate,South,West Catherine,2024-06-18
CUST00254,Emma Travis,Consumer,East,Theresaberg,2023-08-31
CUST00255,Justin Flores,Corporate,North,Martinezmouth,2024-08-13
CUST00256,Anthony Dougherty,Consumer,South,Wrightburgh,2023-07-12
CUST00257,Kenneth Edwards,Consumer,South,South Wendy,2024-09-23
CUST00258,Mr. Alexander Landry MD,Corporate,North,East Brandy,2023-12-29
CUST00259,Johnny Khan,Consumer,East,Mitchelltown,2023-02-07
CUST00260,Cesar Baker,Consumer,West,Kathrynstad,2024-10-20
CUST00261,Kelly Lee,Consumer,West,Charleshaven,2023-02-05
CUST00262,Diana Hays,Consumer,Central,East Theresafurt,2023-12-16
CUST00263,Gina Mcmillan,Home Office,North,East Carrie,2023-10-17
CUST00264,Amber Taylor,Corporate,Central,Lindahaven,2023-11-08
CUST00265,Steven Taylor,Consumer,North,Franciscoport,2023-12-21
CUST00266,Ronald Patel,Home Office,East,Thomastown,2024-04-06
CUST00267,Brian Butler,Corporate,West,Lauratown,2023-10-14
CUST00268,Walter Patton,Consumer,Central,Lake Brett,2024-04-08
CUST00269,Mark Harvey,Corporate,South,Hernandezbury,2024-01-09
CUST00270,Melody Lee,Consumer,East,Edwardsberg,2023-01-25
CUST00271,Jennifer Hampton,Consumer,North,Salaston,2023-11-17
CUST00272,Daniel Nguyen,Consumer,West,Foxmouth,2024-07-02
CUST00273,Joseph Payne,Corporate,West,Chelseaborough,2023-05-15
CUST00274,Edwin David,Home Office,Central,Kellieborough,2023-07-11
CUST00275,Emily Bailey,Consumer,West,Keithshire,2024-06-20
CUST00276,Stephanie Foster,Consumer,North,Stephanieberg,2024-06-09
CUST00277,Tyler Miller,Consumer,West,Douglasfort,2023-08-14
CUST00278,Joshua Fitzpatrick,Consumer,West,Derrickshire,2023-06-16
CUST00279,Michael Schmidt,Consumer,East,North Craig,2023-07-05
CUST00280,Ashlee Townsend,Consumer,South,New Tiffanyburgh,2023-09-14
CUST00281,Shirley Alvarez,Consumer,East,Port Tamara,2023-11-13
CUST00282,Anthony Mack,Corporate,West,New Joanne,2023-09-07
CUST00283,Susan Thompson,Consumer,West,North Wendy,2024-10-22
CUST00284,Charlotte Curry,Consumer,North,Nancytown,2023-11-05
CUST00285,Ashley Bird,Consumer,Central,Shawnside,2023-08-20
CUST00286,Todd Rosales MD,Consumer,East,Port Daniel,2024-02-12
CUST00287,Mariah Higgins,Consumer,North,Lake Matthewport,2023-05-07
CUST00288,Cheryl Carr,Corporate,North,Wilcoxhaven,2024-03-17
CUST00289,Michael Lopez,Corporate,South,South Marcus,2023-09-12
CUST00290,James Griffin,Consumer,North,Stephanieport,2023-07-12
CUST00291,Alexandra Valdez,Corporate,South,North Elizabeth,2024-03-28
CUST00292,Jared Shaw,Consumer,North,Hannahport,2023-12-28
CUST00293,Colleen Anderson,Consumer,South,South Julie,2023-10-13
CUST00294,Michael Durham,Consumer,East,Port John,2024-04-15
CUST00295,Rachel Fox,Corporate,South,Christianshire,2024-08-09
CUST00296,Joshua Wagner,Corporate,North,East Mark,2023-03-29
CUST00297,Michael Love,Corporate,South,Davishaven,2024-02-09
CUST00298,Jody Palmer,Home Office,North,Elliottside,2023-12-13
CUST00299,Elizabeth Johnson,Consumer,East,Lisaborough,2023-12-26
CUST00300,Jeff Graves,Consumer,West,North Valeriefort,2024-03-25
CUST00301,Christopher Taylor,Consumer,South,Brooksfurt,2023-01-25
CUST00302,Susan Bennett,Consumer,South,Lake Michelle,2023-12-15
CUST00303,Joshua Rice,Consumer,East,Port Adam,2023-04-03
CUST00304,Julie Ball,Corporate,Central,Patelbury,2023-01-18
CUST00305,Christopher Lopez,Corporate,Central,North Lisachester,2023-07-12
CUST00306,Stacey Smith,Corporate,East,North Craig,2024-04-22
CUST00307,Michael Brennan,Consumer,East,Lake Bradley,2023-01-27
CUST00308,Daniel Shields,Consumer,East,East Williamport,2023-12-07
CUST00309,Monique Flores,Consumer,West,Joelberg,2023-07-01
CUST00310,Jennifer Hill,Corporate,North,Lake Erika,2024-05-27
CUST00311,William David DDS,Consumer,East,Heatherchester,2024-03-07
CUST00312,Clinton Medina,Corporate,West,Port Jeremiah,2023-04-26
CUST00313,Renee Melendez,Corporate,West,Faulknerside,2024-10-28
CUST00314,David Harris,Consumer,Central,South Melanieland,2024-02-16
CUST00315,Cheryl Adams,Home Office,East,Port Charlesshire,2024-02-21
CUST00316,Claire Clark,Corporate,Central,Kevintown,2024-07-16
CUST00317,Tonya Wilson,Corporate,West,Rochaborough,2023-06-14
CUST00318,Kristen Rowe,Consumer,Central,Owensstad,2023-11-05
CUST00319,Jose Crawford,Consumer,South,Port Tinafort,2023-08-28
CUST00320,Suzanne Wood,Corporate,North,Williamsbury,2024-08-14
CUST00321,Dean Donovan,Consumer,West,Phillipsborough,2024-07-29
CUST00322,Kelly Sanchez,Consumer,West,Jonathanfort,2023-09-14
CUST00323,Katherine Jackson,Consumer,West,Garyside,2024-07-16
CUST00324,Steve Mooney,Consumer,West,New Arthurland,2024-01-15
CUST00325,Pamela Gutierrez,Corporate,South,North Jasmine,2024-09-27
CUST00326,Jesus Brown,Consumer,East,Hopkinstown,2023-01-08
CUST00327,Jennifer Smith,Corporate,East,Amandaport,2023-01-06
CUST00328,Melissa Jordan,Consumer,Central,North Samantha,2023-01-14
CUST00329,Corey Fox,Corporate,East,Josephfurt,2024-02-12
CUST00330,Jared Cunningham,Consumer,Central,West Gabriella,2023-03-03
CUST00331,William Santos,Home Office,North,North Richardfurt,2024-10-20
CUST00332,Mark Warner,Consumer,West,South Meganmouth,2024-03-05
CUST00333,Valerie Jacobson,Consumer,South,East Jasonshire,2024-03-15
CUST00334,Thomas Cohen,Corporate,West,Rachelshire,2024-01-05
CUST00335,Timothy Edwards,Consumer,North,New Douglas,2024-05-26
CUST00336,Jennifer Jones,Consumer,South,New John,2024-09-29
CUST00337,Megan Fernandez,Consumer,South,Camposberg,2024-10-10
CUST00338,Misty Mason DVM,Consumer,Central,North Samuelland,2024-09-05
CUST00339,Lisa Larson,Consumer,Central,Anthonyview,2023-09-22
CUST00340,Katherine Kelly DVM,Consumer,West,Lopezshire,2024-08-31
CUST00341,Raymond Phillips,Home Office,Central,Lake Charles,2024-05-28
CUST00342,Michael Walters,Consumer,West,Stewartville,2023-07-28
CUST00343,Eric Ward,Consumer,East,Curtisland,2023-03-13
CUST00344,Justin Hunt,Consumer,South,North Christopherside,2023-05-26
CUST00345,Rachel Shields,Consumer,Central,West Robertland,2023-03-14
CUST00346,Susan Spence,Home Office,South,Lake Oscar,2024-07-17
CUST00347,Derrick Thomas,Consumer,West,South Joshua,2023-04-18
CUST00348,Mr. David Wright,Consumer,Central,Wheelerborough,2023-08-21
CUST00349,Eric Rush,Home Office,Central,Meaganfurt,2023-12-22
CUST00350,Jessica Jordan,Consumer,North,West Malik,2024-09-16
CUST00351,Ernest Oconnell,Corporate,East,Kellyfort,2024-06-24
CUST00352,Erika Ramirez,Consumer,South,Diazshire,2024-03-23
CUST00353,Kimberly Maldonado,Consumer,Central,Lake Stevenborough,2023-06-05
CUST00354,Sandra Jones,Consumer,North,Chambersberg,2023-12-07
CUST00355,David Moore,Home Office,Central,Mccormickland,2024-05-06
CUST00356,Karen Morales DDS,Consumer,South,Stephensstad,2023-12-15
CUST00357,Kimberly Little,Corporate,West,North Kaylastad,2024-06-28
CUST00358,Amanda Terrell,Consumer,North,Rasmussenmouth,2023-05-10
CUST00359,Adam Green,Consumer,West,South Neil,2024-09-10
CUST00360,Leah Mason,Consumer,East,Whitneyfort,2023-12-26
CUST00361,Thomas Miller,Consumer,North,West Larry,2023-03-23
CUST00362,Kelly Bailey,Consumer,West,South Jennifermouth,2023-12-20
CUST00363,Andrew Page,Consumer,North,Port Matthewville,2023-09-05
CUST00364,Tara Yang,Consumer,North,New Ethan,2024-06-09
CUST00365,Joel Salinas,Consumer,North,East Danielle,2024-03-10
CUST00366,Omar Ware,Consumer,Central,Vargasfurt,2023-12-02
CUST00367,Christine Goodwin,Home Office,North,New Cristianside,2023-01-04
CUST00368,Craig Wilson,Home Office,North,Rosemouth,2023-05-26
CUST00369,James Wilson,Consumer,West,Meganburgh,2024-04-08
CUST00370,Rebecca Sellers,Corporate,Central,Lake Dennisville,2024-09-24
CUST00371,Clayton Steele,Consumer,Central,Barnesberg,2023-07-05
CUST00372,Cody Reid,Consumer,West,New Garrett,2024-03-22
CUST00373,Ernest Hayes,Consumer,Central,Port Michaeltown,2023-08-13
CUST00374,Robert Maynard,Home Office,East,Ortizfort,2024-01-12
CUST00375,Jill Jackson,Consumer,North,Port Kathleenport,2023-11-19
CUST00376,Joshua Jackson,Corporate,North,Cunninghamfort,2023-01-26
CUST00377,Laura Adams,Home Office,South,Amberton,2024-03-02
CUST00378,Kimberly Fritz,Corporate,East,Lake Mariabury,2024-08-13
CUST00379,Amanda Baker,Corporate,South,South Michelleville,2023-08-20
CUST00380,Christine Rojas,Consumer,Central,Michellechester,2024-08-25
CUST00381,Rachel Li,Consumer,North,New Michaelview,2023-05-09
CUST00382,Erica Padilla,Consumer,Central,Ashleyhaven,2024-04-08
CUST00383,Anna Estes,Consumer,North,Sellersview,2024-11-30
CUST00384,Meredith Anderson,Consumer,East,Lake Marc,2024-11-04
CUST00385,Megan Burns,Corporate,West,Courtneyfurt,2023-07-12
CUST00386,Robert Mack,Consumer,South,Robertsonview,2023-12-18
CUST00387,Jackie Clements,Home Office,Central,Brandiland,2024-06-23
CUST00388,Madison Terry,Corporate,South,Port Amandaborough,2024-07-21
CUST00389,Kathleen Morris,Consumer,Central,Matthewshire,2023-11-30
CUST00390,Karina Cooper,Consumer,South,North Corymouth,2023-04-12
CUST00391,Scott Alexander,Home Office,South,South Jamesberg,2023-01-13
CUST00392,Caitlin Cantu,Consumer,South,Clarencestad,2024-11-16
CUST00393,Matthew Banks,Corporate,Central,South Conniebury,2023-07-14
CUST00394,Michele Smith,Corporate,Central,Millershire,2023-11-30
CUST00395,Jill Smith,Home Office,West,Lisachester,2023-06-25
CUST00396,Benjamin Reyes,Consumer,East,North Lawrenceport,2024-06-23
CUST00397,Robert Baxter,Corporate,East,North Alyssa,2023-04-17
CUST00398,Carly Bell,Consumer,West,Lake Kaitlin,2023-01-07
CUST00399,Michael Heath,Consumer,Central,North Donaldville,2024-12-15
CUST00400,Heather Jordan,Consumer,West,East Joshua,2024-04-02
CUST00401,Kyle Griffith,Corporate,Central,Kimberlytown,2023-03-07
CUST00402,Sheri Harris,Consumer,North,Lake Peter,2024-10-20
CUST00403,Steven Blevins,Consumer,Central,Cruzbury,2024-05-16
CUST00404,Andrea Oneal,Consumer,North,West Sarahberg,2024-01-24
CUST00405,Laura Diaz,Home Office,East,Port Thomas,2023-10-28
CUST00406,Kevin Smith,Consumer,South,North Sandra,2024-08-21
CUST00407,Dustin Marquez,Consumer,West,Hendersonfurt,2024-09-05
CUST00408,Kimberly Hernandez,Home Office,South,West Christianborough,2023-03-06
CUST00409,Gabriel Willis,Home Office,West,West Hollybury,2024-09-19
CUST00410,Tim Wilson,Corporate,West,West Elizabethburgh,2023-02-14
CUST00411,Chad Smith,Home Office,West,Bentonhaven,2023-04-03
CUST00412,Michelle Jackson,Consumer,East,Lake Kimberly,2024-02-06
CUST00413,Bailey Yoder,Consumer,North,Lindsayview,2023-07-28
CUST00414,Michael Ray,Corporate,East,South Spencerstad,2024-02-11
CUST00415,Mr. Jacob Scott Jr.,Consumer,West,East Joycetown,2023-02-13
CUST00416,Alexandria Williams,Consumer,West,Patrickberg,2023-02-04
CUST00417,Shannon Tran,Corporate,Central,Walkerbury,2023-05-20
CUST00418,Erica Mckenzie,Consumer,North,Davidton,2023-11-20
CUST00419,Jose Williams,Consumer,East,Jonesmouth,2023-05-20
CUST00420,Ryan Murphy,Consumer,West,Smithborough,2024-11-03
CUST00421,Elizabeth Dean,Corporate,North,Richardsonfort,2023-08-15
CUST00422,Morgan Payne,Corporate,Central,East Adam,2024-08-23
CUST00423,Joshua Fields,Consumer,North,West Aaronfurt,2023-11-15
CUST00424,Elizabeth Harris,Consumer,East,South Travis,2024-10-21
CUST00425,Brenda Ramirez,Corporate,West,East Phyllishaven,2023-02-16
CUST00426,Jacqueline Villegas,Corporate,North,New Codyberg,2023-11-17
CUST00427,Angela Bradley,Consumer,Central,Batesberg,2024-05-09
CUST00428,Samuel Howe,Consumer,East,Haynesmouth,2023-07-03
CUST00429,David Harding,Consumer,West,Port Kayla,2023-09-05
CUST00430,Christopher Owens,Consumer,Central,Martinezstad,2023-03-26
CUST00431,Eric Baker,Corporate,South,North Ericport,2024-08-21
CUST00432,Lindsey Lewis,Consumer,North,Eddiebury,2024-10-03
CUST00433,Anthony Evans,Consumer,North,North Stephanie,2023-10-04
CUST00434,Paul Wright,Consumer,North,Garciaberg,2024-10-25
CUST00435,Ronald Haas,Consumer,North,East Madison,2023-04-05
CUST00436,Teresa Miller,Corporate,South,Samanthaland,2023-10-17
CUST00437,Christina Brewer PhD,Consumer,East,Port Mariamouth,2023-01-17
CUST00438,Joel Jackson,Consumer,East,Underwoodfurt,2023-04-06
CUST00439,Michael Thompson,Consumer,West,East Joshua,2024-01-21
CUST00440,Amanda Harvey,Home Office,South,Lake Kenneth,2023-12-13
CUST00441,Karen Miller,Consumer,South,Taylorborough,2023-11-17
CUST00442,Kelly Mccoy,Consumer,Central,South Kimberlystad,2024-05-14
CUST00443,Kari Durham,Consumer,South,Paulburgh,2024-01-08
CUST00444,Daniel Huang,Corporate,East,Brianfort,2023-01-21
CUST00445,Kevin Hall,Corporate,West,North John,2024-02-16
CUST00446,Robert Stark,Consumer,Central,Port Wendybury,2023-07-07
CUST00447,Rebecca Kelly,Consumer,North,East Joel,2024-03-23
CUST00448,Melissa Sloan,Consumer,East,Lake Jackieshire,2023-09-05
CUST00449,Travis Copeland,Corporate,Central,Weaverburgh,2024-03-13
CUST00450,Anthony Guzman,Home Office,West,New Timothymouth,2024-01-16
CUST00451,Renee Peterson,Corporate,West,Port Megan,2024-12-13
CUST00452,Charles Bush,Consumer,East,Port Daniel,2023-09-09
CUST00453,Toni Brooks,Consumer,Central,Willismouth,2024-02-13
CUST00454,William Oconnor,Consumer,East,Connerfort,2023-08-23
CUST00455,Michael Hoffman,Corporate,South,Jeffreyshire,2024-05-19
CUST00456,Eric Barker,Consumer,South,East Jessica,2024-09-24
CUST00457,Jenna Gamble,Corporate,West,East Carriebury,2024-06-29
CUST00458,Taylor Taylor,Consumer,West,East Michaelmouth,2024-05-11
CUST00459,Tracey Underwood,Corporate,West,Seanview,2023-05-11
CUST00460,Barry Scott,Consumer,South,Lake Aaronfurt,2023-06-12
CUST00461,Tracy Wilkerson,Consumer,North,Maciasstad,2023-12-07
CUST00462,Ronald Kramer,Consumer,Central,East Shannon,2024-02-29
CUST00463,Elizabeth Flores,Consumer,North,North Matthewfurt,2024-09-12
CUST00464,Kimberly Villanueva,Corporate,West,West Brookefort,2023-05-05
CUST00465,Tommy Martin,Consumer,West,Mooreville,2024-07-01
CUST00466,Colton Terry,Consumer,South,Donnaport,2023-09-15
CUST00467,James Dunn,Consumer,South,Hernandezstad,2023-07-04
CUST00468,Edward Stanley,Consumer,East,Gonzaleztown,2023-01-03
CUST00469,Edgar Miller,Consumer,West,West Kristenfort,2023-06-10
CUST00470,Deborah May,Corporate,East,Lopezfurt,2024-01-15
CUST00471,Andrew Gonzales,Corporate,Central,Jeremyview,2023-10-14
CUST00472,Paul Contreras,Consumer,East,Lake Mauriceside,2024-03-14
CUST00473,Leah Spencer,Corporate,West,Cardenaschester,2023-11-18
CUST00474,Taylor Armstrong,Corporate,North,South Kent,2024-02-20
CUST00475,Michelle Shaw,Corporate,South,North Stacy,2023-11-03
CUST00476,William Stanton,Corporate,East,East Brad,2023-12-15
CUST00477,Jessica Osborn DDS,Home Office,North,Luisland,2023-03-02
CUST00478,James Nguyen,Consumer,North,Apriltown,2023-03-09
CUST00479,Laurie Harrington,Corporate,North,South Edwardshire,2024-09-02
CUST00480,Traci Garcia,Consumer,East,New Kimberlyport,2024-04-01
CUST00481,Hailey Jenkins,Home Office,North,Penashire,2024-11-04
CUST00482,Christopher Powell,Consumer,North,Williamsmouth,2024-04-17
CUST00483,Patrick Mccall,Consumer,East,Andrewport,2024-06-20
CUST00484,John Horton,Consumer,South,Port Jeremyport,2023-08-30
CUST00485,Roger Adams,Consumer,Central,Jacobsland,2024-07-31
CUST00486,Thomas Russell,Corporate,South,Malonestad,2023-05-26
CUST00487,Rick Jones,Consumer,North,Taylorhaven,2024-09-29
CUST00488,Carrie Golden,Corporate,West,Port Brian,2024-11-13
CUST00489,Thomas Bush,Corporate,South,Michealmouth,2023-01-26
CUST00490,Thomas Maldonado,Consumer,Central,West Tracy,2024-01-28
CUST00491,Seth Matthews,Consumer,West,Maxview,2023-12-13
CUST00492,Ann Johnson,Corporate,West,East Melissaborough,2024-08-04
CUST00493,Danny Clark,Consumer,North,Palmertown,2024-10-27
CUST00494,Maria Burke,Corporate,West,East Johnnyport,2024-01-04
CUST00495,Maria Coleman,Home Office,Central,Yorkmouth,2024-07-07
CUST00496,Eric Meyer,Consumer,West,Silvatown,2023-07-15
CUST00497,Dr. Sara Hoffman DDS,Home Office,Central,Kennethville,2024-02-02
CUST00498,William Davidson,Consumer,West,Joseport,2024-01-10
CUST00499,Ralph Yoder,Corporate,West,Guerreroberg,2023-05-27
CUST00500,Jonathan Phillips,Corporate,South,Sullivanton,2024-07-14
CUST00501,Laura Lee,Home Office,West,Lake Amanda,2024-03-28
CUST00502,Todd Howard,Consumer,West,Meganside,2024-09-01
CUST00503,John Figueroa,Consumer,Central,Lake Rachel,2023-05-21
CUST00504,Henry Garner,Consumer,East,Robertmouth,2024-05-23
CUST00505,Edward York,Consumer,West,Brownshire,2023-10-16
CUST00506,Andrea Preston,Consumer,Central,Port Erinhaven,2024-03-26
CUST00507,Seth Hernandez,Corporate,North,West Robert,2023-08-20
CUST00508,Victoria Thomas,Home Office,West,Port Christopher,2024-03-18
CUST00509,Cassandra Walters,Corporate,East,South Joshuaburgh,2023-09-16
CUST00510,Katherine Gallagher,Corporate,South,East Christinachester,2024-03-23
CUST00511,John Smith,Corporate,East,Lake Nathan,2023-11-10
CUST00512,Nicole Schmidt,Consumer,South,Lake Adambury,2023-01-11
CUST00513,Haley Anderson,Corporate,South,Gordonport,2023-06-25
CUST00514,Angel Fry,Corporate,North,Lunahaven,2023-05-10
CUST00515,Michael Anderson,Consumer,West,Howardborough,2023-09-20
CUST00516,Tamara Powell,Consumer,East,East Jessica,2023-05-09
CUST00517,Alex Wagner,Corporate,North,West Jenniferton,2023-04-12
CUST00518,Dawn Nichols,Home Office,East,New Virginiaville,2023-10-19
CUST00519,Amber Wilson,Corporate,South,Jamesside,2024-05-22
CUST00520,Christian Neal,Consumer,Central,West Robertville,2023-07-16
CUST00521,Lisa Haynes,Corporate,East,Rivasville,2024-05-29
CUST00522,Autumn Wilson,Consumer,East,South Jamesborough,2024-02-02
CUST00523,Joseph Harris,Corporate,East,Phillipston,2024-08-27
CUST00524,Daniel Fitzpatrick MD,Home Office,West,North Emilyville,2024-03-01
CUST00525,Kathleen Herring,Home Office,East,Lake Jenniferview,2024-10-10
CUST00526,William Phillips,Corporate,East,Williamsburgh,2024-05-15
CUST00527,Dylan Solis,Corporate,West,Ronaldville,2024-11-09
CUST00528,Stefanie Smith,Home Office,South,Lake Deborah,2023-03-15
CUST00529,Jeffrey Howell,Corporate,South,West Lisaburgh,2023-09-13
CUST00530,Victor Nelson,Corporate,West,Vaughnfort,2023-03-30
CUST00531,Stephen Jackson,Home Office,Central,Lake Jessica,2024-09-13
CUST00532,Jason Garza,Consumer,West,Whitefurt,2024-10-17
CUST00533,Allen Cohen,Consumer,Central,South Samantha,2024-08-28
CUST00534,Jessica Brown,Consumer,East,Alexanderhaven,2023-03-29
CUST00535,Misty Walker,Corporate,East,Aprilville,2024-08-19
CUST00536,Danielle Reed,Consumer,East,Hernandezside,2023-12-03
CUST00537,Amy Schneider MD,Consumer,South,Christianburgh,2024-11-23
CUST00538,Erica Rivera,Consumer,Central,Brentbury,2023-02-28
CUST00539,Jennifer Young,Corporate,Central,Wallaceshire,2024-03-03
CUST00540,Jonathan Stewart,Consumer,Central,Mcgeetown,2023-12-15
CUST00541,Andrew Dunn,Consumer,North,Port Cassandraport,2023-03-21
CUST00542,Christine Powers,Corporate,West,Michaelton,2024-11-22
CUST00543,Jesse Castro,Home Office,East,Moranstad,2024-09-26
CUST00544,Brent Hopkins,Corporate,North,West Michaelport,2024-07-10
CUST00545,Michaela Williams,Consumer,North,South Donald,2024-03-01
CUST00546,Jennifer King,Consumer,West,East David,2024-07-10
CUST00547,Jim Harrington,Consumer,South,Danielchester,2024-10-23
CUST00548,Sara Chapman,Corporate,South,Ellisshire,2023-02-06
CUST00549,Jonathan Moreno,Consumer,East,New Savannahshire,2024-01-27
CUST00550,Priscilla Kent,Corporate,Central,Lake Lisa,2024-01-11
CUST00551,Kyle Andrade,Consumer,South,Barnesbury,2023-03-22
CUST00552,Grant Phillips,Corporate,North,East Robert,2023-08-01
CUST00553,Kayla Cameron,Corporate,Central,Jenniferside,2024-06-27
CUST00554,Daniel Klein,Consumer,East,Samanthaberg,2024-05-06
CUST00555,Tina Gordon,Consumer,East,Jenniferstad,2024-07-05
CUST00556,Mr. Michael Butler,Consumer,West,Nataliechester,2024-03-12
CUST00557,Brian James,Home Office,East,Lake Brianview,2024-09-19
CUST00558,Victoria Vega,Consumer,East,Port Bryan,2024-08-05
CUST00559,Paul Johnson,Consumer,East,Garciaside,2024-09-01
CUST00560,Matthew Price,Consumer,East,Heatherton,2024-11-02
CUST00561,Jason French,Consumer,North,Tammyton,2024-12-20
CUST00562,Christina Melton,Home Office,West,Greerstad,2023-01-11
CUST00563,Nancy Gonzalez,Consumer,South,West Shane,2024-08-09
CUST00564,Victor Moss,Corporate,Central,South Billyview,2024-06-14
CUST00565,Christopher Singleton,Home Office,North,West Stevenberg,2024-03-08
CUST00566,Frank Williams,Corporate,South,Tracyshire,2023-02-01
CUST00567,Richard Stewart,Home Office,Central,East Abigail,2024-03-03
CUST00568,Jennifer Herrera,Consumer,Central,West Jeffreyborough,2024-09-02
CUST00569,Isaac Robinson,Consumer,South,Barajastown,2024-05-30
CUST00570,Jill Conway,Corporate,South,North Felicia,2023-03-31
CUST00571,Robert Wilson,Consumer,South,Amberport,2023-09-07
CUST00572,Samantha Brooks,Corporate,Central,Tuckerport,2023-01-20
CUST00573,Erica Miller,Consumer,South,East Teresaside,2024-11-28
CUST00574,Austin Santiago,Home Office,Central,Port Gina,2024-02-19
CUST00575,Joshua Park,Consumer,South,Lucasland,2024-10-11
CUST00576,Allison Love,Consumer,North,North Charlesburgh,2024-08-03
CUST00577,Benjamin Underwood,Consumer,East,Rickeymouth,2024-09-08
CUST00578,Eugene Price,Corporate,South,New Adamland,2024-05-04
CUST00579,Amber Charles,Consumer,North,Sarahville,2024-08-10
CUST00580,Elizabeth Miller,Consumer,North,Jamestown,2023-08-14
CUST00581,Daniel Francis,Consumer,West,Susanberg,2024-01-04
CUST00582,Suzanne Norton,Consumer,North,Susantown,2023-08-20
CUST00583,Brenda Williams,Consumer,East,Medinaland,2024-03-05
CUST00584,Patrick Swanson,Consumer,North,South Rebecca,2023-08-25
CUST00585,Candace Walker,Consumer,South,Jamesburgh,2024-10-23
CUST00586,Sarah York,Home Office,North,Newmanland,2024-06-05
CUST00587,Danielle Gonzalez,Corporate,Central,Lynnstad,2023-08-14
CUST00588,Cynthia Mitchell,Consumer,North,East Louismouth,2023-04-10
CUST00589,Elizabeth Silva,Consumer,West,Lindseychester,2023-09-13
CUST00590,David Walker,Corporate,West,Hillstad,2023-05-11
CUST00591,Erin Castillo,Corporate,West,Howardport,2023-04-15
CUST00592,Casey Obrien,Corporate,West,Micheleberg,2024-01-14
CUST00593,Deborah Mercado,Consumer,North,Lake Charlestown,2024-11-23
CUST00594,Amanda Perkins,Consumer,South,Hammondborough,2024-10-21
CUST00595,Dean Shannon,Consumer,East,Valdezberg,2024-12-04
CUST00596,Steven Lawrence,Corporate,Central,Dennishaven,2023-10-12
CUST00597,Jack Smith,Consumer,East,Port Tamara,2024-02-01
CUST00598,Nicole Taylor,Consumer,Central,East Ashley,2024-04-21
CUST00599,Tracy Fitzgerald,Consumer,West,Crosbyton,2024-03-15
CUST00600,Crystal Baker,Consumer,West,North Elizabeth,2023-06-19
CUST00601,Heather Harrison,Consumer,North,Keithton,2024-02-07
CUST00602,Michael Boyd,Corporate,Central,Maryview,2024-05-18
CUST00603,Carrie Valdez,Corporate,South,Brianaland,2024-03-25
CUST00604,William Walker,Consumer,South,Gomezstad,2024-02-06
CUST00605,Stacy Smith,Consumer,West,South Gabriel,2024-01-14
CUST00606,Diana Hernandez,Consumer,North,West Carolyn,2023-03-01
CUST00607,David Shepherd,Consumer,East,South Emmafort,2024-09-26
CUST00608,Maria Jenkins,Corporate,East,North David,2023-06-13
CUST00609,Mark Williams,Home Office,West,North Gabriel,2024-04-05
CUST00610,Tyler Greene,Consumer,North,Lake Jessicaport,2024-12-17
CUST00611,Lawrence Ruiz,Consumer,North,Jacksonchester,2023-03-08
CUST00612,Kevin Saunders,Corporate,East,Garymouth,2024-04-11
CUST00613,Kevin Hall,Corporate,Central,Andersontown,2024-12-17
CUST00614,Susan Cohen,Consumer,Central,New Cole,2023-06-07
CUST00615,Linda Rich,Consumer,North,North Timothyberg,2024-01-05
CUST00616,Samantha Prince,Consumer,West,Boydstad,2024-12-01
CUST00617,Joseph Perez,Corporate,North,Clarkefurt,2024-11-10
CUST00618,Natalie Juarez,Home Office,Central,South Dennisfort,2023-09-30
CUST00619,Scott Campbell,Consumer,North,Scotttown,2024-08-17
CUST00620,Adrienne Mills,Consumer,South,South Diamondmouth,2024-07-04
CUST00621,Christopher Pearson,Consumer,West,Joseside,2023-11-14
CUST00622,Lisa Braun,Consumer,North,Fischerchester,2023-11-25
CUST00623,Karen Wood,Consumer,Central,Kingport,2024-03-04
CUST00624,Michael Fitzgerald,Consumer,East,Lake Jerryburgh,2024-03-24
CUST00625,James Morgan,Consumer,West,East Paultown,2023-03-19
CUST00626,Charles Frost,Corporate,Central,Davisview,2024-09-16
CUST00627,Lee Ramsey,Corporate,Central,Mendezhaven,2023-06-22
CUST00628,Linda Bautista,Consumer,East,Lake Troy,2023-08-11
CUST00629,Matthew Lara,Consumer,East,Jameshaven,2023-01-09
CUST00630,Lisa Craig,Corporate,East,Johntown,2024-02-05
CUST00631,Donald Ross,Home Office,East,Sullivanborough,2023-05-03
CUST00632,Michael Calhoun,Consumer,South,Jessicaside,2024-02-07
CUST00633,Hannah Ochoa,Consumer,West,New Sylvia,2024-12-11
CUST00634,Laura Green,Consumer,North,Hunterside,2023-12-20
CUST00635,Gina Wilson,Consumer,Central,Nancyshire,2023-02-26
CUST00636,Tracy Hart,Consumer,West,Port Matthew,2023-07-14
CUST00637,Joe Matthews,Consumer,South,South Darrenland,2024-08-25
CUST00638,Wendy Rhodes,Consumer,East,Port Leslie,2023-10-25
CUST00639,Alexandra Collier,Corporate,Central,West Christopher,2023-10-02
CUST00640,Gloria Spencer,Consumer,North,South Lee,2024-06-07
CUST00641,Debra Valentine,Consumer,Central,South Jillian,2023-06-19
CUST00642,Shelley Clark,Consumer,North,Port John,2023-07-02
CUST00643,Richard Wilson,Consumer,West,Lake Stephaniefort,2024-04-25
CUST00644,Scott Rubio,Consumer,West,Watsonmouth,2024-04-21
CUST00645,Sierra Andrews,Consumer,South,Travishaven,2024-01-18
CUST00646,Paul Anderson,Corporate,North,Mendozaside,2023-08-06
CUST00647,Jennifer Parks,Consumer,North,South Tiffany,2023-01-26
CUST00648,Emily Smith,Consumer,Central,South Bianca,2024-06-26
CUST00649,Scott Lopez,Consumer,East,Joelfort,2023-09-10
CUST00650,Clinton Coleman,Consumer,West,Haynesstad,2024-04-21
CUST00651,Diana White,Home Office,North,New Gina,2023-10-11
CUST00652,Devin Young,Consumer,East,Chaseborough,2024-09-24
CUST00653,Nancy Kennedy,Home Office,South,East Robertberg,2023-04-24
CUST00654,Kelly Le,Corporate,East,Evansside,2024-11-24
CUST00655,Jennifer Vaughn,Consumer,North,East Lisafort,2024-10-28
CUST00656,Joanna Cook,Consumer,West,Michaelside,2024-10-13
CUST00657,Hailey Jenkins,Consumer,West,Michelleborough,2024-12-24
CUST00658,Mariah Thompson,Consumer,South,Michaelhaven,2024-03-24
CUST00659,Jillian Miller,Consumer,East,Stevenberg,2024-01-14
CUST00660,Robert Rogers,Consumer,North,Sweeneyland,2024-11-05
CUST00661,Darren Stewart,Consumer,West,Jenniferfurt,2023-03-03
CUST00662,Priscilla Mcmillan,Home Office,East,Gutierrezburgh,2023-07-30
CUST00663,Nicholas Stanley,Consumer,Central,East Garrettville,2024-10-25
CUST00664,Shawn Kelley,Consumer,West,Port Randyland,2023-03-16
CUST00665,Christopher Pena,Consumer,West,Parkerbury,2023-03-22
CUST00666,Mark Anderson,Consumer,East,North Austin,2024-07-26
CUST00667,Erika Alvarez,Consumer,Central,Amyberg,2023-10-05
CUST00668,Leslie Bryant,Consumer,East,Millsside,2024-06-25
CUST00669,Karen Perez,Consumer,North,South Kylechester,2023-08-29
CUST00670,Adam Mills,Consumer,Central,West Justin,2023-07-21
CUST00671,Thomas Arroyo,Consumer,North,Evanschester,2024-02-20
CUST00672,David Smith,Consumer,East,Jacobside,2024-09-11
CUST00673,Christopher Mclaughlin,Corporate,South,Claytonbury,2023-12-06
CUST00674,Mario Black,Consumer,South,Justinside,2023-07-24
CUST00675,Cole Jones,Consumer,North,West Daniel,2024-09-20
CUST00676,Denise Dean,Consumer,South,West Andrew,2023-12-20
CUST00677,Alison Compton,Home Office,East,Josephmouth,2023-02-08
CUST00678,Brandon Smith,Consumer,South,West Robert,2024-07-18
CUST00679,Yolanda Ford,Consumer,South,West Christopherberg,2024-09-02
CUST00680,James Daniels,Consumer,South,East Paula,2023-02-13
CUST00681,Sandra Martinez,Corporate,North,South Kelsey,2023-07-14
CUST00682,Zachary Gonzalez,Consumer,West,New Elizabethborough,2023-12-11
CUST00683,Tyrone Mayer,Consumer,Central,Lake Jessica,2024-01-03
CUST00684,Kelly King,Corporate,West,Jameston,2024-08-01
CUST00685,Valerie Young,Corporate,Central,Nguyenburgh,2024-11-01
CUST00686,Bryan Mccormick,Corporate,Central,North Biancafort,2024-09-09
CUST00687,Jacqueline Davis,Consumer,East,South Christopher,2024-06-18
CUST00688,Wayne Malone,Consumer,North,North Michaelberg,2024-04-25
CUST00689,Ashley Freeman,Consumer,East,Tinastad,2024-06-28
CUST00690,Morgan Smith,Corporate,Central,Howardberg,2024-09-17
CUST00691,Karina Kim,Consumer,Central,Amyfort,2023-07-14
CUST00692,Kimberly Morris,Consumer,West,Hillside,2023-05-28
CUST00693,Christopher Phillips,Consumer,North,Ambermouth,2023-05-05
CUST00694,Katie Gross,Consumer,East,New Melissabury,2023-01-01
CUST00695,Mary Ryan,Consumer,North,Leefort,2023-09-07
CUST00696,Lisa Morris,Corporate,Central,Danielhaven,2024-08-17
CUST00697,Russell Anderson,Consumer,Central,East Danielborough,2024-05-26
CUST00698,Martin Price,Consumer,North,Foxshire,2023-03-18
CUST00699,Daniel Robbins,Consumer,Central,East Dianaland,2023-07-18
CUST00700,Amy Grant,Corporate,East,Shortton,2023-12-30
CUST00701,Kendra Navarro,Corporate,Central,Christianborough,2024-10-01
CUST00702,Neil Schmidt,Consumer,North,East Alicia,2024-02-08
CUST00703,Theresa Hansen,Consumer,East,Reeseshire,2023-07-13
CUST00704,Michele Simmons,Home Office,North,East Lauraside,2023-10-06
CUST00705,Mary Ferguson,Consumer,South,Mahoneymouth,2023-11-08
CUST00706,Erika Watson PhD,Consumer,West,Mckenziemouth,2024-03-03
CUST00707,Joshua Brooks,Home Office,Central,Michaelmouth,2024-04-17
CUST00708,April Johnson,Consumer,South,Caitlinhaven,2023-12-14
CUST00709,Elizabeth Evans MD,Consumer,East,Andrewview,2023-04-15
CUST00710,Kristie Howe,Consumer,East,North Benjamin,2024-12-14
CUST00711,Derek Preston,Corporate,North,East Jonathan,2023-10-04
CUST00712,James Hardin,Corporate,East,Lake Markfort,2023-08-22
CUST00713,Steven Warner PhD,Consumer,North,New Dawnton,2023-05-15
CUST00714,Jane Deleon,Consumer,West,Michaelchester,2024-07-21
CUST00715,Barbara Townsend,Consumer,Central,Lake Kimberlyfurt,2023-11-20
CUST00716,Andrew Fernandez,Corporate,East,West Wayne,2023-02-12
CUST00717,Michael Osborn,Consumer,South,Mullinsshire,2023-06-21
CUST00718,Jeffrey Hartman,Home Office,East,East Matthew,2024-01-28
CUST00719,Amber Ross,Home Office,West,South Warrenberg,2024-01-05
CUST00720,Justin Freeman,Consumer,North,New Christina,2024-08-14
CUST00721,Dana Adams,Consumer,West,Morrisshire,2024-07-25
CUST00722,Jason Diaz,Corporate,East,West Melvin,2023-03-11
CUST00723,Eric Huerta,Corporate,Central,Hansonmouth,2024-05-24
CUST00724,Cynthia Jennings,Consumer,West,Port Jessica,2023-02-04
CUST00725,Anthony Rush,Consumer,North,Port Marissa,2023-03-08
CUST00726,Michael Rodriguez,Consumer,South,Ruizmouth,2023-08-12
CUST00727,Christy Payne,Home Office,East,Anaberg,2023-06-12
CUST00728,Alicia Aguilar,Home Office,West,West Georgeport,2024-06-23
CUST00729,Lisa Brown,Consumer,South,North Paulview,2023-06-05
CUST00730,Mary Lin,Consumer,East,West Michellefurt,2024-05-29
CUST00731,Katie Mckinney,Corporate,North,Toddside,2023-06-29
CUST00732,Jonathan Ellis,Consumer,Central,North Johnhaven,2023-03-10
CUST00733,James Moore,Corporate,Central,Gabriellestad,2023-08-25
CUST00734,Zachary Irwin,Consumer,East,Lisaview,2024-04-30
CUST00735,Zachary Mooney,Corporate,Central,Jeremiahmouth,2024-11-13
CUST00736,Chad Blair,Consumer,West,South John,2024-11-27
CUST00737,Erik Jacobs,Consumer,South,Danielsborough,2023-04-29
CUST00738,Joshua Mcbride,Corporate,Central,West Haley,2024-05-21
CUST00739,Brandy Forbes,Corporate,South,Lake Sarah,2024-11-28
CUST00740,Barry Patel,Corporate,North,East Lonnieberg,2024-12-13
CUST00741,Fernando Dudley,Consumer,South,Turnerview,2024-07-18
CUST00742,Ashley Lopez,Home Office,Central,Catherinebury,2023-04-29
CUST00743,Michael Howard,Consumer,West,Andersonfort,2024-04-08
CUST00744,Catherine Hughes,Consumer,South,Taylorborough,2024-07-07
CUST00745,Phillip Smith,Consumer,West,Stephaniebury,2023-06-25
CUST00746,Christina Harris,Home Office,South,South Michelle,2024-07-30
CUST00747,Sharon Clay,Consumer,Central,Sullivanton,2024-01-16
CUST00748,Jamie Edwards,Home Office,West,New Danielmouth,2024-04-17
CUST00749,Sherry Sanchez,Corporate,West,Terrellton,2024-10-04
CUST00750,Phillip Estes,Consumer,West,West Scott,2024-03-09
CUST00751,Ronald Murray,Home Office,South,Phillipston,2024-11-17
CUST00752,Brenda Gallegos,Corporate,South,Davishaven,2024-06-19
CUST00753,Kevin Shannon,Corporate,North,South Robert,2023-03-29
CUST00754,Jesse Mosley,Corporate,East,South Christopher,2023-12-17
CUST00755,Susan Hogan,Consumer,North,North Dannymouth,2023-09-09
CUST00756,Joseph Cruz,Corporate,Central,South Andrea,2024-05-07
CUST00757,Susan Cunningham,Corporate,East,East Misty,2023-02-04
CUST00758,Amber Parker,Consumer,South,Robertsburgh,2023-05-19
CUST00759,Toni Smith,Consumer,Central,Alexanderfort,2023-04-02
CUST00760,Dr. Lawrence Snyder II,Consumer,West,Chavezmouth,2024-10-26
CUST00761,Adriana Khan,Consumer,South,Christineside,2023-03-03
CUST00762,Amber Hernandez,Corporate,East,Benjaminton,2024-09-29
CUST00763,Lindsey Rivera,Home Office,West,North Danielburgh,2024-06-02
CUST00764,Lisa Holt,Consumer,Central,South Kara,2023-05-06
CUST00765,Anna Evans,Consumer,West,Priscillaland,2023-10-07
CUST00766,Joshua Carter,Home Office,East,North Heather,2024-08-12
CUST00767,Jason Clark,Consumer,East,New Brian,2023-08-02
CUST00768,Lori Benitez,Home Office,East,Ramseyport,2024-03-19
CUST00769,Emily Fox,Corporate,South,Sarashire,2023-11-28
CUST00770,Lynn Vasquez,Consumer,West,New Jesse,2024-01-21
CUST00771,April Johnson,Corporate,South,Lake Melaniechester,2023-08-14
CUST00772,Gregory Shaffer,Corporate,West,North Danielle,2023-11-18
CUST00773,Richard Parker,Consumer,North,Katieville,2024-06-19
CUST00774,James Carroll,Home Office,North,Port Gregorymouth,2024-06-16
CUST00775,Michael Hendricks,Consumer,South,Lake Derekberg,2024-10-09
CUST00776,Sean Huang,Consumer,Central,Bowerschester,2024-05-02
CUST00777,Sandy Evans,Consumer,North,Angelatown,2024-12-21
CUST00778,Evelyn Hendricks,Corporate,South,Carlberg,2023-06-11
CUST00779,Gina Brooks,Consumer,North,New Catherine,2023-08-06
CUST00780,Sharon Walton,Consumer,Central,Jenniferview,2023-05-26
CUST00781,Shawn Watson,Consumer,North,Javierport,2023-11-18
CUST00782,Richard Strickland,Corporate,West,South Williamfort,2023-05-16
CUST00783,Cheryl Mclean,Consumer,North,Kimberlyberg,2024-12-03
CUST00784,Samantha Hurley,Corporate,Central,East Jenny,2024-08-20
CUST00785,Sean Wilson,Consumer,South,Sarahland,2023-12-23
CUST00786,Angel Meyer,Consumer,North,Andrewport,2023-09-16
CUST00787,Erica Lee,Corporate,South,Amandamouth,2024-05-11
CUST00788,Chase Hill,Consumer,South,New Anitaville,2024-06-05
CUST00789,Kirsten Nelson,Corporate,North,Audreyburgh,2023-06-10
CUST00790,Steven Fernandez,Consumer,East,East Anthonyton,2023-02-25
CUST00791,Brandon Myers,Consumer,Central,Jensenport,2023-03-24
CUST00792,Michelle Lambert,Consumer,Central,Port Kathyshire,2023-09-16
CUST00793,Robert Hale,Consumer,West,South Lancemouth,2023-04-13
CUST00794,Danny Callahan,Corporate,North,Robertafurt,2024-01-01
CUST00795,Mary Mccormick,Corporate,East,Shawntown,2023-05-23
CUST00796,Gregory Murray,Consumer,North,West Katrina,2023-02-20
CUST00797,Katie Sullivan,Consumer,North,West Angelaland,2024-04-14
CUST00798,Joel Garza,Consumer,North,New John,2024-09-07
CUST00799,Janet Peterson,Corporate,East,Muellerchester,2023-05-04
CUST00800,Kimberly Young,Consumer,East,Lake Sarahshire,2024-03-16
CUST00801,Mr. Joel Peters,Consumer,South,Thompsonfurt,2024-10-11
CUST00802,Melissa Carlson,Corporate,West,Murphyton,2023-02-24
CUST00803,Charles Carpenter,Home Office,West,Port Dwayneberg,2023-03-12
CUST00804,Jean Lane,Corporate,South,East Erin,2023-12-18
CUST00805,Robert Frazier,Consumer,West,Robbinsstad,2023-09-03
CUST00806,Lisa Dixon,Consumer,South,Port Kelly,2023-03-11
CUST00807,Tracy Smith,Consumer,South,Danielport,2023-10-14
CUST00808,Jeffrey Lawrence,Corporate,East,Jenniferfurt,2024-11-03
CUST00809,Daniel Thompson,Home Office,Central,East Angela,2023-10-24
CUST00810,Sara Moore,Consumer,Central,East Alexander,2024-10-17
CUST00811,Nathan Tucker,Consumer,North,Proctorberg,2024-05-18
CUST00812,Robert Dalton,Corporate,South,Hansonmouth,2023-03-07
CUST00813,Robert Cruz,Consumer,North,East Roger,2024-01-31
CUST00814,Sarah Young,Corporate,East,Robertside,2023-01-06
CUST00815,William Carroll,Consumer,East,Danielfort,2024-03-23
CUST00816,Nicholas Fox,Consumer,West,Stevenland,2024-06-20
CUST00817,Ann Kennedy,Corporate,West,Lake Cynthiashire,2024-02-11
CUST00818,Stephanie Nichols,Consumer,South,South Shawnfort,2023-08-31
CUST00819,Jennifer Yu,Consumer,West,Keithton,2024-03-21
CUST00820,Nicole Acosta,Consumer,Central,Bryanfort,2024-06-23
CUST00821,Anthony Mooney,Consumer,North,West Toddberg,2024-03-25
CUST00822,Richard King,Corporate,North,Joshuaview,2024-01-28
CUST00823,Lindsey Kent,Consumer,South,Lake Sean,2023-01-12
CUST00824,Richard Young,Consumer,East,Port Alison,2024-09-19
CUST00825,Bradley Thomas,Consumer,East,Port Tyler,2023-01-26
CUST00826,Cynthia Alexander,Corporate,East,East Becky,2023-11-17
CUST00827,Martin Campos,Consumer,West,North Garyfurt,2024-10-15
CUST00828,Paul Goodwin,Consumer,West,South Frances,2024-01-05
CUST00829,Charles Berg,Consumer,North,West Saramouth,2023-10-30
CUST00830,Tonya Vega,Corporate,East,North Samanthastad,2023-10-24
CUST00831,Thomas Garrison,Corporate,West,Josephville,2024-10-17
CUST00832,Jeanne Mejia,Consumer,North,Lake Emily,2023-07-18
CUST00833,George Vaughn,Consumer,West,West Amy,2024-08-21
CUST00834,Barry Jenkins,Consumer,South,Lake Seanbury,2024-06-06
CUST00835,Corey Johnson,Home Office,South,North Sheenaborough,2024-07-17
CUST00836,Michelle Wilson,Corporate,West,South Diana,2024-04-10
CUST00837,Regina Lopez,Consumer,North,Lake Jackport,2024-11-29
CUST00838,Angela Chavez,Consumer,East,Kaylamouth,2023-12-29
CUST00839,Benjamin Waters,Consumer,Central,Priceton,2023-07-19
CUST00840,Deborah Alexander,Consumer,South,Krauseborough,2023-07-20
CUST00841,Matthew Rodriguez,Corporate,East,Robinsonville,2024-04-19
CUST00842,David Johnson,Consumer,North,New Jessicamouth,2024-12-09
CUST00843,Brittany Bowman,Consumer,Central,Lake Peterberg,2023-01-15
CUST00844,James Smith,Consumer,East,Mendozafurt,2024-06-27
CUST00845,Robin Jones,Corporate,South,North Patrick,2024-10-17
CUST00846,Karen Bradley,Home Office,North,Mathewport,2024-06-19
CUST00847,Zachary Holland,Corporate,West,Amandamouth,2023-11-08
CUST00848,Paige Roberts,Consumer,Central,East Angela,2023-03-04
CUST00849,Elizabeth Price,Consumer,East,Lake Haleyfort,2023-10-26
CUST00850,Jessica Lopez,Corporate,South,East Anthonyshire,2023-03-07
CUST00851,Arthur Fernandez MD,Home Office,East,Levytown,2023-07-05
CUST00852,George Le,Corporate,West,Wilsonhaven,2023-01-29
CUST00853,Sheila Herrera,Consumer,South,North Benjamin,2023-12-23
CUST00854,Alec Meadows DDS,Corporate,West,Lake Deborah,2023-04-20
CUST00855,Anthony Parker,Consumer,West,South Cherylshire,2023-01-12
CUST00856,Ashley Crawford,Home Office,East,North Linda,2023-02-19
CUST00857,Russell Rojas,Corporate,North,Nguyenshire,2023-11-28
CUST00858,Russell Mcguire,Consumer,East,New Glennland,2024-02-29
CUST00859,Peter Jackson,Corporate,South,Angelamouth,2023-04-04
CUST00860,Amanda Garcia,Corporate,South,Stricklandtown,2023-07-09
CUST00861,Mr. Christopher Davis,Corporate,Central,Robertfort,2024-11-14
CUST00862,Charles Nelson,Consumer,South,Jenkinsburgh,2024-06-21
CUST00863,Linda Love,Corporate,South,Lake Margaretport,2024-04-19
CUST00864,Justin Lee,Corporate,North,New Michaelside,2023-09-28
CUST00865,Randy Hopkins,Consumer,Central,Brianville,2024-01-30
CUST00866,Ryan Pruitt,Consumer,Central,Thompsonton,2024-09-10
CUST00867,Dominique Hamilton,Consumer,North,Christinamouth,2023-02-11
CUST00868,Anthony Medina,Consumer,West,Port Anthony,2023-02-03
CUST00869,Steven Griffith,Home Office,West,Robertmouth,2024-02-04
CUST00870,Erika Garcia,Consumer,West,Kanefurt,2023-06-28
CUST00871,John Washington,Corporate,North,Thomasmouth,2024-11-23
CUST00872,Chad Cortez,Consumer,East,Theresaborough,2023-05-19
CUST00873,Michael Brown,Corporate,West,North Melissa,2023-09-18
CUST00874,Philip Robinson,Consumer,Central,Cassandraburgh,2023-12-23
CUST00875,Sarah Miller,Consumer,Central,Atkinsborough,2024-03-25
CUST00876,Joel Smith,Corporate,South,Fitzgeraldbury,2024-04-04
CUST00877,Kevin Snow,Corporate,South,New Rachel,2023-07-12
CUST00878,Amanda Ruiz,Consumer,North,South Amandafort,2023-11-21
CUST00879,Samantha Chavez,Corporate,Central,North Angela,2024-09-20
CUST00880,Jennifer Robinson,Consumer,South,Kennethland,2023-01-10
CUST00881,Eric Warner,Consumer,South,South Stevenberg,2023-01-13
CUST00882,Cathy Savage,Consumer,Central,Padillatown,2024-11-10
CUST00883,Janice Vazquez,Corporate,North,West Ronaldview,2024-10-30
CUST00884,Kimberly Norton,Consumer,Central,New Nicoleton,2024-06-26
CUST00885,Megan Barron,Consumer,East,South Michaelton,2024-02-04
CUST00886,Matthew Bush,Corporate,North,East Tina,2023-10-11
CUST00887,Mariah Mclaughlin,Consumer,South,Port Julie,2023-07-05
CUST00888,Steven Gordon,Consumer,Central,Ramirezland,2023-06-25
CUST00889,John Rose,Consumer,Central,South Jenniferside,2023-10-17
CUST00890,Marc Marsh,Corporate,Central,East Patriciamouth,2024-11-29
CUST00891,Steven Roberts,Consumer,Central,North Fredville,2023-03-09
CUST00892,Chris Harris,Consumer,North,West Robertside,2024-06-25
CUST00893,Gregory Wallace,Consumer,Central,West Jaimetown,2024-12-24
CUST00894,Sandy Stone,Consumer,South,Robertmouth,2024-11-08
CUST00895,Erin Watkins,Corporate,West,Ellisshire,2024-05-24
CUST00896,Elizabeth Mccormick,Corporate,North,South Nathan,2023-04-13
CUST00897,Amber Gomez,Consumer,Central,Huberburgh,2023-08-12
CUST00898,Catherine Thompson,Consumer,East,East John,2024-07-06
CUST00899,Laura Alexander MD,Consumer,West,New Jasmine,2023-02-01
CUST00900,Gregg Watson,Consumer,North,New Kevin,2024-05-31
CUST00901,Timothy Mack,Corporate,South,Reillyberg,2024-12-15
CUST00902,Kimberly Romero,Consumer,West,Thomasport,2023-01-04
CUST00903,Ms. Bridget Cunningham,Consumer,East,Morganville,2024-08-08
CUST00904,Andrew Gregory,Corporate,East,West Angelbury,2024-07-22
CUST00905,Gabriel Franklin,Corporate,East,New Alicia,2023-12-13
CUST00906,Diana Johnson,Corporate,East,Rhodesland,2024-08-29
CUST00907,John Morrison,Home Office,South,Lake Michaelberg,2024-02-02
CUST00908,Jaclyn Watson,Corporate,Central,Michaelport,2024-07-10
CUST00909,Anita Luna,Consumer,East,Figueroachester,2023-12-13
CUST00910,Christopher Luna,Consumer,North,Chandlerchester,2024-09-16
CUST00911,Linda Thomas,Consumer,South,Thomashaven,2023-04-19
CUST00912,Tyler Avila,Consumer,North,North Robertview,2023-09-18
CUST00913,Joel Bradley,Consumer,West,East Jacob,2023-11-18
CUST00914,John Carson,Corporate,West,Maryport,2023-10-24
CUST00915,Julie Johnson,Consumer,South,East Josefort,2024-01-19
CUST00916,Stephanie Butler,Corporate,Central,Knoxbury,2023-04-07
CUST00917,Donald Gamble,Corporate,South,New Julieshire,2023-01-23
CUST00918,Sheena Burton,Corporate,West,Mccannville,2024-01-09
CUST00919,Laura Bruce,Home Office,West,New Brian,2023-10-17
CUST00920,Michael Howard,Consumer,East,West Michaelstad,2023-09-06
CUST00921,Joseph Mayer,Consumer,North,Port Courtney,2023-02-07
CUST00922,Paul Stephens,Home Office,Central,Margaretport,2024-08-16
CUST00923,Melissa Davis,Consumer,South,Madelinetown,2023-07-30
CUST00924,Jacqueline Washington,Consumer,East,Samanthaburgh,2023-04-17
CUST00925,Jonathan Decker,Consumer,East,South Stevenland,2023-03-21
CUST00926,Tammy Mendoza,Consumer,West,Hannahberg,2023-04-01
CUST00927,William Mills,Consumer,North,Geraldport,2024-09-26
CUST00928,Barbara Anderson,Corporate,West,Lake Jeremy,2023-01-23
CUST00929,William Coleman,Consumer,East,North Andrewfort,2023-04-08
CUST00930,Craig Johnson,Corporate,West,South Davidview,2024-08-11
CUST00931,Michael Webster,Consumer,West,New Jamieborough,2023-02-03
CUST00932,Alyssa Thomas,Consumer,Central,Stacystad,2023-05-24
CUST00933,Jonathan Chandler,Consumer,Central,New Ashley,2023-10-01
CUST00934,Pamela Rice,Consumer,West,West George,2023-03-18
CUST00935,Valerie Garcia,Consumer,Central,New Melissa,2024-08-08
CUST00936,Kevin Gonzales,Consumer,Central,East Maryfurt,2024-01-04
CUST00937,Darren Rodriguez,Corporate,North,Davidville,2023-11-26
CUST00938,Philip Bush,Consumer,North,North Markville,2024-02-08
CUST00939,Kyle Collins,Consumer,East,Perezchester,2023-10-26
CUST00940,Mrs. Shannon Jacobson,Consumer,East,Crosbystad,2023-08-14
CUST00941,Michael Powers,Corporate,South,Kimland,2023-05-20
CUST00942,James Garza,Corporate,West,Lake Saraburgh,2023-04-03
CUST00943,Curtis Gonzalez,Consumer,North,Martinezchester,2023-02-20
CUST00944,Dr. Ralph Wheeler DDS,Consumer,East,Kellyfurt,2024-07-17
CUST00945,Brittany Gibson,Corporate,Central,West Tracybury,2024-01-12
CUST00946,Alyssa Rojas,Consumer,Central,South Erikaburgh,2024-05-03
CUST00947,Erin Turner,Corporate,South,Port Charleshaven,2023-10-25
CUST00948,John Carter MD,Consumer,Central,Amyside,2024-08-19
CUST00949,Phillip Ewing,Consumer,West,South Shannonfurt,2024-02-29
CUST00950,Andrew Hawkins,Home Office,East,Nicoleburgh,2023-12-10
CUST00951,Erik Price,Consumer,Central,New Emilyside,2024-01-17
CUST00952,Julie Hart,Corporate,Central,New Brian,2024-06-16
CUST00953,Wesley Jensen MD,Consumer,Central,Luketown,2023-07-24
CUST00954,Russell Bailey,Consumer,North,Port Patriciamouth,2024-04-03
CUST00955,Gregory Howard,Consumer,North,Brianbury,2023-10-23
CUST00956,Erik Miller,Home Office,Central,Port Kevinmouth,2023-07-12
CUST00957,Gabriel Murray,Consumer,North,Bradleychester,2023-05-12
CUST00958,John Johnson,Consumer,East,Nicholasfurt,2023-07-27
CUST00959,Rhonda Garcia,Home Office,Central,West Tyler,2023-09-08
CUST00960,Gina Mendez,Consumer,North,Taraborough,2024-09-22
CUST00961,Valerie Jones,Consumer,South,West Joseph,2024-01-21
CUST00962,Jennifer Perez PhD,Consumer,Central,Lake Meganville,2023-08-19
CUST00963,Austin Solis,Corporate,West,Simmonsstad,2024-04-04
CUST00964,Rodney Wagner,Consumer,South,Ryanside,2024-09-10
CUST00965,James Weber,Consumer,North,Powersside,2023-09-01
CUST00966,Lori Black,Consumer,West,New Victor,2023-05-21
CUST00967,Natalie Mcdonald,Consumer,South,Michaelton,2024-05-28
CUST00968,Joel Allen,Consumer,South,Meganchester,2024-02-10
CUST00969,Susan Walters,Consumer,Central,Adamsport,2023-09-05
CUST00970,Michael Young,Home Office,North,North Edward,2024-05-16
CUST00971,Ronald Marshall,Corporate,Central,Hendersonton,2023-01-22
CUST00972,Chad Green,Consumer,East,Donnaburgh,2023-06-06
CUST00973,Tracey Tucker,Home Office,West,North Micheleland,2024-05-15
CUST00974,Sharon Lester,Consumer,East,Mosleyland,2023-09-01
CUST00975,Misty Taylor,Home Office,West,New Jessicaville,2023-11-05
CUST00976,Lauren Hampton,Home Office,East,Tylerland,2024-02-10
CUST00977,Patricia Edwards,Consumer,East,Shafferbury,2023-07-04
CUST00978,Charles Thompson,Corporate,South,Scottview,2024-12-27
CUST00979,Katherine Brooks,Home Office,East,West Amyfort,2024-11-01
CUST00980,Donald Mueller,Consumer,South,West Thomas,2024-06-14
CUST00981,Alisha Rasmussen,Home Office,East,Port Joditon,2023-10-13
CUST00982,Megan King,Corporate,South,Parkerstad,2024-06-20
CUST00983,Barbara Camacho,Corporate,West,Pricefurt,2024-12-02
CUST00984,Dawn Davis,Consumer,East,West Jason,2024-12-21
CUST00985,Jeffrey Stewart,Consumer,East,Mccormickview,2024-11-22
CUST00986,Richard Vasquez,Consumer,Central,Housemouth,2024-11-03
CUST00987,Thomas Garcia,Corporate,West,Lake Jose,2024-07-11
CUST00988,Lance Li,Corporate,West,Shawntown,2023-02-21
CUST00989,Martin Mccoy,Corporate,South,North Richard,2024-08-14
CUST00990,Kenneth Rodriguez,Consumer,East,New Jennifer,2024-05-03
CUST00991,Pamela Bradford,Home Office,North,Sparksmouth,2024-08-19
CUST00992,Nicholas Green,Consumer,West,Laurenborough,2023-12-17
CUST00993,Christopher Walter,Corporate,West,North Stacy,2023-03-07
CUST00994,Lisa Perez,Consumer,Central,South Jamesburgh,2024-12-18
CUST00995,Jeffrey Green,Consumer,Central,West Georgeshire,2023-02-08
CUST00996,Joseph Ayala,Corporate,South,Wilcoxfort,2023-04-02
CUST00997,Dale Shah,Consumer,Central,Keithfort,2023-04-03
CUST00998,Scott Greene,Consumer,North,Jessicaborough,2023-10-24
CUST00999,Ricky Johnson,Corporate,Central,Joemouth,2023-11-21
CUST01000,Kevin Holland,Consumer,South,North Taylormouth,2024-12-05
CUST01001,Daniel Reyes,Consumer,West,Fitzgeraldview,2024-06-22
CUST01002,Anthony Cook,Consumer,West,South Rebekah,2023-02-26
CUST01003,Tracy George,Consumer,South,North Jonfurt,2024-04-15
CUST01004,Megan Anderson,Consumer,Central,New Harryburgh,2023-08-23
CUST01005,Gerald Mcdonald Jr.,Home Office,South,Thomasville,2024-01-27
CUST01006,Carl Savage,Consumer,West,Juliechester,2023-09-01
CUST01007,Deborah Gallegos,Consumer,South,Zacharychester,2023-08-08
CUST01008,Norman Henry,Corporate,East,New Melissa,2024-11-24
CUST01009,Jessica Lopez,Consumer,North,East Isaacfort,2024-05-25
CUST01010,John Wilson,Home Office,North,Williamsstad,2023-07-22
CUST01011,Judith Rodriguez,Corporate,South,North Michael,2024-07-04
CUST01012,Catherine Jackson,Consumer,North,Annashire,2023-06-08
CUST01013,Valerie Fox,Home Office,South,South Samantha,2023-06-14
CUST01014,Megan Clay,Consumer,South,West Erinville,2023-07-11
CUST01015,Timothy Rodriguez,Home Office,North,Ericland,2023-11-03
CUST01016,Mary Gibson,Home Office,West,Brooketown,2023-12-24
CUST01017,Mary Tapia,Corporate,South,Staceyshire,2023-09-13
CUST01018,Anthony Schneider,Home Office,East,Laurenland,2023-04-11
CUST01019,Jane Ross,Corporate,North,East Tammy,2024-02-29
CUST01020,Alex Clark,Consumer,Central,Chanport,2024-11-03
CUST01021,Martha Martinez,Consumer,East,Owenport,2024-05-17
CUST01022,Bonnie Wade,Consumer,Central,Williamfort,2024-12-02
CUST01023,Karen Hart,Consumer,South,Davischester,2023-12-12
CUST01024,Cody Mccoy,Corporate,West,North Williammouth,2024-09-21
CUST01025,Michael Moore,Consumer,North,Rosehaven,2024-06-09
CUST01026,Jeffrey Solomon,Consumer,West,Evansberg,2023-03-07
CUST01027,Sarah Mills,Corporate,South,Ashleyside,2024-06-15
CUST01028,Kayla Dixon,Consumer,East,Davisshire,2023-03-01
CUST01029,David Miller,Corporate,Central,North Joymouth,2024-09-23
CUST01030,Sarah Williams,Corporate,South,Mcdowellport,2023-05-20
CUST01031,Jordan Santiago,Consumer,West,Matthewburgh,2023-09-01
CUST01032,Paul Munoz,Corporate,Central,South Amandatown,2023-06-13
CUST01033,Christopher Woods,Consumer,West,Meltonfort,2023-11-03
CUST01034,Valerie Ward,Corporate,South,Ballardland,2023-08-24
CUST01035,Connor Cabrera,Home Office,West,Port Anthony,2023-04-08
CUST01036,Marie Graham,Consumer,South,North Kevin,2024-01-09
CUST01037,Javier Wilson,Consumer,West,Lake Jacqueline,2023-12-26
CUST01038,Scott Richards,Consumer,East,West Ashley,2024-01-12
CUST01039,Gene Garcia,Home Office,East,Pettyfort,2024-10-09
CUST01040,Monique Duarte,Consumer,Central,South Ricardohaven,2024-07-26
CUST01041,Taylor Stein,Consumer,East,Hallton,2024-04-04
CUST01042,Kenneth Tran,Corporate,North,Patriciachester,2024-02-15
CUST01043,Johnny Mcmillan,Corporate,West,Shanechester,2024-11-21
CUST01044,Nicholas Harrison,Consumer,West,Hallbury,2023-01-17
CUST01045,Gina Guzman,Corporate,East,Andersonport,2024-04-01
CUST01046,Toni Whitaker,Corporate,East,Lauraburgh,2024-07-15
CUST01047,Michael Miller,Consumer,South,Andersonborough,2024-04-27
CUST01048,Ashlee Perry,Consumer,South,Torresborough,2023-05-02
CUST01049,Albert Ibarra,Consumer,West,Ericaburgh,2024-03-08
CUST01050,Kathy Roman,Corporate,Central,Ryanbury,2024-10-05
CUST01051,Katelyn Chaney,Consumer,Central,Kaylaside,2023-04-04
CUST01052,Sarah Russo,Home Office,Central,Lake Brentmouth,2023-07-27
CUST01053,Ryan Rodriguez,Corporate,South,Port Cherylville,2024-09-12
CUST01054,Katie Jackson,Corporate,Central,Port Jamiestad,2024-10-01
CUST01055,Michelle Gill,Corporate,North,Oconnorville,2023-05-02
CUST01056,Felicia Taylor,Consumer,Central,South Tara,2023-04-30
CUST01057,Danielle Lamb,Corporate,North,Justinburgh,2024-08-20
CUST01058,Mike Perry,Home Office,North,East Karen,2023-03-08
CUST01059,Darren Pham,Consumer,Central,Hardinmouth,2024-02-16
CUST01060,Melanie Acevedo,Home Office,South,Thomastown,2024-10-24
CUST01061,Terri Miller,Consumer,South,Richardburgh,2024-07-11
CUST01062,Peter Keller,Consumer,Central,New Brian,2023-12-04
CUST01063,Rebecca Liu,Consumer,South,Robertside,2024-05-05
CUST01064,Patrick Blankenship,Corporate,West,Port Joshuahaven,2024-11-09
CUST01065,Melody Griffin,Consumer,Central,New Claudia,2024-04-19
CUST01066,Melissa Barron,Consumer,North,Roweport,2024-04-25
CUST01067,George Hardy,Consumer,Central,New Victoria,2023-03-07
CUST01068,Jorge Collins,Consumer,Central,Katherineburgh,2023-08-09
CUST01069,Robert Vargas,Consumer,West,Port Kim,2023-01-19
CUST01070,Jonathan Dennis,Corporate,East,Jordanhaven,2024-07-18
CUST01071,Peter Pugh,Corporate,West,Evanstown,2023-10-03
CUST01072,David Reese,Consumer,North,West Kevin,2023-12-18
CUST01073,Michelle Chambers,Corporate,Central,Stonebury,2024-06-02
CUST01074,Kevin Carson,Consumer,West,Shawnberg,2023-03-23
CUST01075,Jason Davis,Consumer,North,Beasleyfort,2024-07-06
CUST01076,Jacob Fox,Consumer,North,Wigginsshire,2023-06-16
CUST01077,Whitney Barker,Home Office,North,Dennischester,2024-01-23
CUST01078,Jonathan Washington,Home Office,West,Andersonhaven,2024-10-01
CUST01079,Melissa Gibson,Consumer,West,Lake Ericside,2024-11-01
CUST01080,Barbara Phelps,Consumer,South,North Mikeport,2023-10-14
CUST01081,Autumn Torres,Corporate,West,Kevinfort,2023-02-01
CUST01082,Brenda Lawrence,Consumer,West,West Pamelaborough,2023-01-22
CUST01083,Katherine Martinez,Consumer,West,Carloston,2023-05-23
CUST01084,Mr. Jesse Morgan,Consumer,Central,Alvarezberg,2023-11-21
CUST01085,Mark Gill,Consumer,East,Hernandezmouth,2024-08-14
CUST01086,Mary Ortiz,Consumer,Central,South Matthew,2023-03-11
CUST01087,Stacy Fitzgerald,Consumer,South,Port Gabrieltown,2023-02-05
CUST01088,Patricia Parker,Corporate,South,Lake Anitaborough,2024-03-20
CUST01089,Nina Bernard,Corporate,North,Port Thomas,2024-04-25
CUST01090,Matthew Schmidt,Home Office,West,West Kristinbury,2024-11-27
CUST01091,Stacy Wallace,Corporate,Central,Richardton,2024-10-06
CUST01092,Allison Kim,Consumer,West,Johnsonhaven,2024-01-17
CUST01093,Brandon Petty,Corporate,South,West Douglas,2023-09-04
CUST01094,Brittany Farley,Consumer,South,North Christina,2023-07-18
CUST01095,Micheal Evans,Consumer,North,West Douglasmouth,2023-09-10
CUST01096,Ronald Martinez,Consumer,West,East Karen,2023-07-20
CUST01097,Jordan Gordon,Corporate,North,West Brucemouth,2024-03-31
CUST01098,John Russell,Consumer,North,North Joseph,2024-03-05
CUST01099,Danielle Peters,Consumer,North,West Ashley,2024-03-31
CUST01100,Mark Harris,Consumer,North,West Amber,2023-12-13
CUST01101,Kimberly Henderson,Consumer,North,Williamsmouth,2023-05-11
CUST01102,Marissa Jackson,Consumer,South,South Joshuaview,2024-10-06
CUST01103,Yvonne Kirby,Consumer,North,New Mary,2024-10-14
CUST01104,Patrick Hart,Consumer,East,Christopherville,2023-08-07
CUST01105,Justin Ramirez,Consumer,Central,Clarkhaven,2024-10-07
CUST01106,Michael Cooper,Consumer,Central,Tiffanymouth,2024-09-14
CUST01107,William Peterson,Corporate,East,Haleymouth,2023-08-01
CUST01108,Brandi Nielsen,Consumer,South,Smithtown,2023-01-13
CUST01109,Justin Horton,Home Office,Central,Farmerside,2024-06-06
CUST01110,Mariah Jones,Consumer,East,Port Lisamouth,2023-03-05
CUST01111,William Bennett,Consumer,Central,Paultown,2024-06-06
CUST01112,Timothy Wallace,Home Office,South,Lake Andrew,2023-04-07
CUST01113,Michelle Lee,Corporate,West,Lindseybury,2023-08-07
CUST01114,Tracy Johnson,Consumer,North,Conwayborough,2023-07-01
CUST01115,Roberto Foster,Home Office,West,Ashleyfort,2023-01-06
CUST01116,Mary Knight,Corporate,East,North Brianna,2023-05-13
CUST01117,David Hudson,Corporate,West,New Jessica,2024-08-02
CUST01118,Michael Braun,Consumer,West,Erinmouth,2023-08-02
CUST01119,Margaret Hahn,Consumer,Central,Port Sheilachester,2023-01-02
CUST01120,Denise Frazier DDS,Consumer,South,Zacharyton,2024-10-17
CUST01121,Amber Hull,Consumer,South,Stewartfurt,2024-11-17
CUST01122,Spencer Aguirre,Corporate,North,Lake Rodney,2023-06-01
CUST01123,Christina Murphy,Consumer,West,Lake Colleentown,2023-02-27
CUST01124,Alexander Robles,Consumer,South,Marybury,2024-01-08
CUST01125,Tyler Wall,Consumer,East,Aprilbury,2023-03-25
CUST01126,Lisa Duran,Consumer,North,Rileyland,2023-02-26
CUST01127,Jamie Wu,Home Office,East,Port Davidmouth,2023-02-17
CUST01128,Mark Jones,Consumer,South,New Brettfurt,2023-02-12
CUST01129,Paul Hall,Consumer,West,South Patrickchester,2023-11-08
CUST01130,Ashley Curtis,Corporate,Central,South Zacharyshire,2024-11-14
CUST01131,Adam Reeves,Consumer,North,New David,2023-05-30
CUST01132,Jason Hardy,Consumer,Central,Lopezberg,2024-01-31
CUST01133,Cameron Silva,Corporate,Central,Larryside,2024-09-11
CUST01134,John Morrison,Consumer,South,Migueltown,2024-08-25
CUST01135,Meghan Brown,Corporate,East,South Mauriceborough,2024-02-07
CUST01136,Rachel Peterson,Consumer,North,Nealmouth,2024-05-12
CUST01137,Sarah Knight,Consumer,South,Christinachester,2024-04-10
CUST01138,Jesse Mccormick,Home Office,North,South Jeffreytown,2023-09-13
CUST01139,David Hanson,Corporate,West,South Jessica,2024-05-11
CUST01140,Patrick Harris,Home Office,Central,Port Veronica,2024-09-24
CUST01141,Hunter Spencer,Corporate,West,West Scott,2023-10-09
CUST01142,Pamela Williams,Home Office,Central,East Jamesburgh,2024-05-05
CUST01143,Michelle Morgan,Consumer,East,East James,2023-06-20
CUST01144,Susan Smith,Consumer,Central,South Diana,2023-05-17
CUST01145,Timothy Torres,Corporate,East,West Lisa,2024-11-18
CUST01146,Joseph Lloyd,Consumer,Central,Johnsland,2024-05-28
CUST01147,Thomas Norton,Corporate,West,New Nicholas,2023-04-03
CUST01148,Jeffrey Fields,Consumer,West,Port Christinaborough,2023-10-18
CUST01149,Rachel Murphy,Corporate,East,Lake Lauraberg,2024-10-25
CUST01150,Lauren Burns,Home Office,East,Port Thomasland,2024-10-23
CUST01151,Nicole Newman,Consumer,North,Victormouth,2023-05-11
CUST01152,James Neal,Consumer,South,Wellsshire,2023-05-20
CUST01153,Rachel Santos,Corporate,North,East Patricia,2023-11-08
CUST01154,Jennifer Torres,Consumer,Central,Duncanstad,2023-12-18
CUST01155,Brandy Miller,Consumer,West,Stonebury,2023-07-17
CUST01156,Jose Rogers,Consumer,South,Mcdonaldchester,2024-03-29
CUST01157,Emily Reyes,Consumer,West,South Jesus,2023-10-13
CUST01158,Steven Phillips,Consumer,South,Port Joshuabury,2024-05-16
CUST01159,Isaac Payne,Consumer,East,Jamesmouth,2023-03-18
CUST01160,Robert Sutton,Consumer,West,Jamesberg,2023-07-14
CUST01161,Nancy Gaines,Home Office,West,Port Kevinstad,2024-10-26
CUST01162,Theresa Underwood PhD,Consumer,East,South Destinyberg,2024-08-31
CUST01163,Darrell Curry,Consumer,Central,Hallshire,2024-11-03
CUST01164,Julie Olsen,Consumer,Central,Latoyamouth,2024-09-02
CUST01165,Randy Wolfe,Home Office,North,South Shannon,2024-10-18
CUST01166,Charles Russo,Consumer,North,Sherrytown,2024-03-09
CUST01167,Sandra Morgan,Home Office,North,Simmonsfurt,2024-01-24
CUST01168,Kimberly Nguyen,Corporate,West,New Kristenberg,2024-08-15
CUST01169,Wendy Carroll,Consumer,South,Bairdborough,2023-04-30
CUST01170,James Wells,Consumer,South,Ashleymouth,2023-10-31
CUST01171,Anna Garcia,Consumer,Central,North Margaret,2024-05-11
CUST01172,Cody Jones DVM,Consumer,North,Jamieport,2024-04-13
CUST01173,Jordan Wood,Corporate,Central,East Markchester,2024-05-27
CUST01174,Brian Herrera,Home Office,West,Paulfurt,2023-10-31
CUST01175,Beverly Harris,Consumer,Central,Meyersfort,2024-12-02
CUST01176,Teresa Matthews,Consumer,North,Hilltown,2023-05-04
CUST01177,Roger Jacobs,Consumer,East,New Mark,2023-04-21
CUST01178,Julia Johnston,Consumer,East,West Debbiemouth,2024-03-18
CUST01179,Michelle Evans,Consumer,West,South John,2023-09-27
CUST01180,Jessica Cruz,Corporate,South,Lake Ashley,2024-11-30
CUST01181,Amanda Mcclure,Consumer,North,West Nicole,2023-11-02
CUST01182,Thomas Wolfe,Consumer,South,South Robert,2024-02-22
CUST01183,Whitney Jones,Consumer,Central,New Katiemouth,2024-08-14
CUST01184,David Hunter,Consumer,East,Johnsonmouth,2023-11-15
CUST01185,James Lee,Consumer,West,North Johnberg,2023-10-24
CUST01186,Julie Murray,Consumer,West,New Dianemouth,2023-09-12
CUST01187,Douglas Martin,Consumer,South,New Craigport,2023-04-19
CUST01188,Jeanne Jones,Home Office,South,Lake Joshuamouth,2023-04-07
CUST01189,Miguel Stafford,Consumer,North,South Heather,2023-10-06
CUST01190,Kelly Bates,Corporate,North,South Hannahmouth,2024-10-11
CUST01191,Amber Bennett,Consumer,West,East Nicholas,2023-02-10
CUST01192,Alan Johnson,Consumer,West,West Loriland,2023-07-05
CUST01193,Anne Conley,Consumer,North,Lake Gary,2023-06-21
CUST01194,Robyn Morris,Corporate,North,New Jamie,2023-11-19
CUST01195,Jeffrey Hall,Consumer,West,West Marcustown,2024-02-25
CUST01196,Alexandra Lewis,Corporate,East,North Diane,2023-11-09
CUST01197,Jackie Jones,Consumer,North,South Kevin,2023-08-05
CUST01198,Dr. Micheal Moody DVM,Corporate,North,West Susan,2024-04-10
CUST01199,Mark Price,Consumer,Central,West Gregory,2024-04-10
CUST01200,Emily York,Consumer,North,Jonestown,2024-08-14
