product_id,product_name,category,unit_price,unit_cost
PROD0001,Headphones Basic,Electronics,1042.42,594.28
PROD0002,Tablet Max,Electronics,1004.26,547.16
PROD0003,Headphones Elite,Electronics,1444.13,934.0
PROD0004,Smartwatch Basic,Electronics,1396.87,802.95
PROD0005,Smartphone Elite,Electronics,871.71,620.97
PROD0006,Tablet Lite,Electronics,531.01,365.81
PROD0007,Camera Max,Electronics,1100.04,687.74
PROD0008,Headphones Pro,Electronics,191.64,106.94
PROD0009,Laptop Basic,Electronics,927.49,606.08
PROD0010,Smartwatch Elite,Electronics,1454.93,846.18
PROD0011,Laptop Lite,Electronics,1186.14,726.67
PROD0012,Laptop Lite,Electronics,851.9,505.91
PROD0013,Camera Basic,Electronics,899.52,535.23
PROD0014,Laptop Pro,Electronics,1207.18,818.8
PROD0015,Laptop Elite,Electronics,273.62,185.49
PROD0016,Smartphone Pro,Electronics,1122.5,650.12
PROD0017,Headphones Max,Electronics,57.53,33.2
PROD0018,Laptop Plus,Electronics,198.24,103.45
PROD0019,Smartwatch Pro,Electronics,857.63,538.69
PROD0020,Headphones Basic,Electronics,179.95,114.91
PROD0021,Tablet Pro,Electronics,1187.44,850.12
PROD0022,Laptop Elite,Electronics,650.02,451.63
PROD0023,Tablet Basic,Electronics,1362.55,1014.48
PROD0024,Tablet Lite,Electronics,295.9,176.11
PROD0025,Laptop Pro,Electronics,486.64,303.31
PROD0026,Smartphone Plus,Electronics,680.28,411.76
PROD0027,Headphones Elite,Electronics,573.63,422.22
PROD0028,Camera Plus,Electronics,768.91,503.0
PROD0029,Headphones Plus,Electronics,246.46,123.65
PROD0030,Laptop Max,Electronics,1270.34,755.82
PROD0031,Sofa Elite,Furniture,354.48,249.51
PROD0032,Bed Frame Elite,Furniture,191.62,111.17
PROD0033,Desk Plus,Furniture,472.79,257.39
PROD0034,Bookshelf Plus,Furniture,318.99,214.92
PROD0035,Bed Frame Max,Furniture,721.22,419.37
PROD0036,Sofa Lite,Furniture,379.31,278.04
PROD0037,Bed Frame Basic,Furniture,897.76,489.26
PROD0038,Office Chair Elite,Furniture,861.46,530.15
PROD0039,Desk Elite,Furniture,439.53,251.78
PROD0040,Office Chair Plus,Furniture,751.55,525.27
PROD0041,Sofa Max,Furniture,194.13,111.76
PROD0042,Desk Pro,Furniture,666.49,464.72
PROD0043,Sofa Plus,Furniture,892.37,553.1
PROD0044,Bed Frame Elite,Furniture,495.42,361.71
PROD0045,Sofa Max,Furniture,525.79,366.83
PROD0046,Bed Frame Pro,Furniture,566.93,413.07
PROD0047,Desk Elite,Furniture,619.23,364.57
PROD0048,Bed Frame Elite,Furniture,116.32,86.76
PROD0049,Sofa Plus,Furniture,872.79,508.75
PROD0050,Office Chair Basic,Furniture,88.65,50.06
PROD0051,Bed Frame Lite,Furniture,537.55,361.19
PROD0052,Sofa Elite,Furniture,386.78,238.17
PROD0053,Bed Frame Pro,Furniture,646.16,347.43
PROD0054,Sofa Pro,Furniture,165.73,100.1
PROD0055,Office Chair Max,Furniture,761.68,519.88
PROD0056,Bookshelf Basic,Furniture,361.31,251.5
PROD0057,Sofa Elite,Furniture,365.61,191.73
PROD0058,Sofa Elite,Furniture,341.51,196.39
PROD0059,Office Chair Pro,Furniture,98.52,57.71
PROD0060,Desk Basic,Furniture,842.54,577.24
PROD0061,Jeans Plus,Apparel,70.71,41.21
PROD0062,Sneakers Lite,Apparel,35.5,21.34
PROD0063,Jeans Pro,Apparel,80.45,48.92
PROD0064,Cap Plus,Apparel,107.14,65.61
PROD0065,Sneakers Max,Apparel,10.49,5.81
PROD0066,T-Shirt Basic,Apparel,73.51,51.45
PROD0067,Jeans Pro,Apparel,50.24,27.6
PROD0068,Jacket Elite,Apparel,83.78,52.14
PROD0069,Jacket Basic,Apparel,75.67,49.4
PROD0070,T-Shirt Basic,Apparel,48.27,34.34
PROD0071,Jeans Max,Apparel,99.51,67.32
PROD0072,Cap Max,Apparel,74.92,50.05
PROD0073,T-Shirt Max,Apparel,36.24,19.18
PROD0074,Jeans Lite,Apparel,66.19,40.02
PROD0075,Cap Elite,Apparel,52.21,28.53
PROD0076,Cap Lite,Apparel,86.28,57.06
PROD0077,Cap Lite,Apparel,28.36,16.23
PROD0078,Jacket Max,Apparel,102.62,67.2
PROD0079,T-Shirt Plus,Apparel,63.31,34.74
PROD0080,Cap Elite,Apparel,65.6,40.92
PROD0081,Sneakers Plus,Apparel,55.72,39.56
PROD0082,Jeans Lite,Apparel,19.09,9.69
PROD0083,Jacket Max,Apparel,13.6,7.56
PROD0084,Jeans Plus,Apparel,95.88,61.5
PROD0085,Cap Max,Apparel,66.19,42.57
PROD0086,Cap Pro,Apparel,100.56,59.5
PROD0087,Sneakers Pro,Apparel,70.1,52.4
PROD0088,Jeans Plus,Apparel,42.75,32.06
PROD0089,Jacket Plus,Apparel,48.34,34.04
PROD0090,T-Shirt Elite,Apparel,95.32,53.31
PROD0091,Coffee Maker Basic,Home & Kitchen,212.96,152.32
PROD0092,Air Fryer Lite,Home & Kitchen,66.47,35.55
PROD0093,Cookware Set Basic,Home & Kitchen,245.52,157.75
PROD0094,Vacuum Cleaner Elite,Home & Kitchen,187.12,101.44
PROD0095,Vacuum Cleaner Basic,Home & Kitchen,101.01,57.26
PROD0096,Blender Plus,Home & Kitchen,57.96,39.85
PROD0097,Blender Lite,Home & Kitchen,297.9,213.52
PROD0098,Cookware Set Lite,Home & Kitchen,89.91,60.95
PROD0099,Air Fryer Max,Home & Kitchen,157.05,101.2
PROD0100,Air Fryer Pro,Home & Kitchen,125.05,64.89
PROD0101,Air Fryer Max,Home & Kitchen,164.37,93.62
PROD0102,Air Fryer Pro,Home & Kitchen,286.07,166.44
PROD0103,Blender Elite,Home & Kitchen,224.66,138.08
PROD0104,Vacuum Cleaner Plus,Home & Kitchen,258.03,180.34
PROD0105,Cookware Set Plus,Home & Kitchen,291.08,205.56
PROD0106,Vacuum Cleaner Basic,Home & Kitchen,110.4,63.03
PROD0107,Coffee Maker Max,Home & Kitchen,56.57,40.34
PROD0108,Blender Plus,Home & Kitchen,32.86,21.57
PROD0109,Blender Plus,Home & Kitchen,54.79,39.14
PROD0110,Air Fryer Lite,Home & Kitchen,20.19,14.93
PROD0111,Cookware Set Max,Home & Kitchen,267.0,153.65
PROD0112,Blender Max,Home & Kitchen,203.28,114.36
PROD0113,Cookware Set Elite,Home & Kitchen,34.5,22.65
PROD0114,Cookware Set Pro,Home & Kitchen,140.18,73.29
PROD0115,Blender Basic,Home & Kitchen,79.76,41.43
PROD0116,Cookware Set Pro,Home & Kitchen,165.44,101.13
PROD0117,Vacuum Cleaner Plus,Home & Kitchen,248.79,185.86
PROD0118,Cookware Set Pro,Home & Kitchen,153.76,85.68
PROD0119,Blender Max,Home & Kitchen,48.9,28.94
PROD0120,Cookware Set Lite,Home & Kitchen,127.16,89.44
PROD0121,Dumbbells Basic,Sports,31.08,19.92
PROD0122,Dumbbells Elite,Sports,118.42,80.6
PROD0123,Dumbbells Plus,Sports,231.18,151.2
PROD0124,Dumbbells Pro,Sports,35.37,18.57
PROD0125,Tennis Racket Plus,Sports,186.55,109.67
PROD0126,Cycling Helmet Elite,Sports,200.9,112.9
PROD0127,Yoga Mat Elite,Sports,73.32,47.68
PROD0128,Tennis Racket Pro,Sports,81.96,60.27
PROD0129,Cycling Helmet Lite,Sports,63.28,41.24
PROD0130,Running Shoes Lite,Sports,84.45,43.38
PROD0131,Running Shoes Elite,Sports,105.68,59.21
PROD0132,Tennis Racket Pro,Sports,31.69,22.89
PROD0133,Cycling Helmet Basic,Sports,234.47,124.97
PROD0134,Running Shoes Plus,Sports,100.87,67.66
PROD0135,Yoga Mat Max,Sports,18.92,9.78
PROD0136,Dumbbells Plus,Sports,24.36,12.55
PROD0137,Tennis Racket Plus,Sports,82.32,55.83
PROD0138,Running Shoes Basic,Sports,179.93,93.67
PROD0139,Tennis Racket Max,Sports,159.77,90.97
PROD0140,Yoga Mat Lite,Sports,135.16,74.45
PROD0141,Tennis Racket Elite,Sports,91.79,59.35
PROD0142,Yoga Mat Lite,Sports,87.89,53.56
PROD0143,Yoga Mat Pro,Sports,72.45,52.97
PROD0144,Running Shoes Elite,Sports,158.89,81.63
PROD0145,Dumbbells Elite,Sports,43.07,29.16
PROD0146,Yoga Mat Basic,Sports,53.5,39.5
PROD0147,Tennis Racket Lite,Sports,199.0,135.36
PROD0148,Cycling Helmet Max,Sports,44.83,31.17
PROD0149,Yoga Mat Plus,Sports,196.29,99.59
PROD0150,Cycling Helmet Basic,Sports,138.11,78.13
